color,count
medium,31
light,31
color 1,24
color 2,23
black,23
deep,22
color 3,21
black ,19
cocoa,17
espresso,16
color 4,15
blackest black ,15
blonde,14
taupe,13
brunette,13
beige,12
fair,12
natural,12
nude ,11
caramel,11
nude,11
natural beige ,10
dark brown,10
ivory ,10
golden,9
alabaster,9
nutmeg,9
auburn,9
porcelain,9
brown,9
ivory,9
tan,9
classic ivory ,8
brown ,8
light/medium,8
soft brown,8
deep golden,8
999 matte,7
dark,7
medium beige,7
chestnut,7
honey,7
black brown ,7
medium beige ,7
cappuccino,7
nude beige,7
fresh beige,6
deep rich,6
very black ,6
deep espresso,6
glow,6
medium/dark,6
chocolate,6
rose,5
warm beige,5
light ,5
golden beige,5
sienna,5
ash brown,5
jet black,5
charcoal,5
sand,5
plum ,5
soft beige,5
caramel ,5
lavender,5
614 jungle matte,5
hot pink,5
979 poison metal,5
03 - medium,5
01 - light,5
162 miss satin,5
05 - deep,5
buff ,4
684 diabolo,4
550 tease,4
rich,4
745 grenat,4
sable,4
shade 02,4
tea rose,4
carbon black ,4
vanilla,4
deep dark 115,4
mahogany,4
673 ruby,4
sand beige,4
02 - light,4
04 - medium,4
nude beige ,4
06 - deep,4
cappuccino ,4
white,4
light/neutral,4
924 sauvage,4
true beige ,4
medium olive,4
shade 01,4
809 emerald,4
998 amethyst,4
color 5,4
pink ,4
baby doll,4
milan,4
purple,4
amber,4
11 honey,4
14 vanilla,4
15 beige,4
24 golden,4
26 amber,4
color 6,4
23 ginger,4
28 clove,4
light medium,4
copenhagen,3
iris,3
warm tan,3
mauve,3
clay medium,3
pure beige ,3
black brown,3
08 golden neutral,3
natural beige,3
earth deep,3
sand medium,3
olive,3
cannes,3
07 cream chamois,3
nude beach,3
06 ivory,3
black cherry,3
sun beige ,3
honey beige,3
02 alabaster,3
shade 03,3
18 sand,3
21 cream caramel,3
translucent,3
09 neutral,3
love pop,3
black  ,3
primrose,3
natural  ,3
light beige,3
dark brown ,3
04 cream whip,3
deep brown,3
honeymoon,3
paris,3
rose gold,3
gold,3
light brown,3
hot red,3
scandalous,3
plum,3
moderately fair,3
violet,3
pink mademoiselle ,3
001,3
030 medium beige,3
color 7,3
color 8,3
crimson,3
grape pop,3
020 light beige,3
seduction,3
vintage,3
morning java 1,3
medium ,3
black/brown,3
silver,3
orange,3
earth medium,3
green,3
1,3
3,3
4,3
buff beige ,3
classic tan,3
nude  ,3
deep honey,3
banana,3
deep dark 80,3
ruby,3
cola pop,3
fig,3
clay medium deep,3
brownish black ,3
nude pop,3
melon pop,3
fair/light,3
club hopper,2
aria,2
soft-spoken,2
sway,2
respect the pink,2
maison,2
foul mouth,2
stone fox,2
pink lust,2
brooklyn thorn,2
sandstorm,2
downtown beauty,2
little denim dress,2
prune,2
run the world,2
foiled again,2
demure ,2
alabama,2
london,2
stockholm,2
"oh, put it on",2
subversive socialite,2
amethyst,2
jet set,2
kitten heels,2
orange county,2
cherry skies,2
deep dark,2
sao paulo,2
mocha,2
light ivory,2
angel,2
red,2
pinky,2
really red ,2
sugar mama,2
silk,2
sunkissed,2
beach babe,2
nude'tude,2
bright lights,2
down to earth,2
pink the town,2
coraline,2
double dare,2
summer,2
tuscan,2
bitten,2
deep plum,2
mauve n' out,2
bronzed,2
electro,2
intuition,2
hamptons,2
magnetic,2
soft spoken,2
pastel chic,2
mint green,2
caramel beige,2
life's a beach,2
yellow,2
tea & cookies,2
nude pink,2
peony,2
revolution,2
iconic ,2
sweet pink,2
enchanted,2
taboo,2
slate,2
extreme black,2
passion ,2
gem,2
cinnamon,2
golden honey,2
true beige,2
wine & dine,2
deep olive,2
couture ,2
vivid violet,2
cinnamon spice,2
tawny,2
soft sand,2
warm,2
creamy natural,2
cool tan,2
buff,2
flower,2
alien,2
corset,2
fuchsia,2
cinnamon ,2
wn 122 clove,2
fuchsia  ,2
cn 126 espresso,2
rose ,2
05 medium,2
nude attitude ,2
natural ,2
spice ,2
wn 118 amber,2
sienna ,2
nude pink ,2
medium honey,2
french rose ,2
soft pink ,2
medium deep,2
nude rose,2
nude beige  ,2
wn 114 golden,2
pale pink,2
wine ,2
shell ,2
vanilla ,2
cn 10 alabaster,2
cn 20 fair,2
cn 28 ivory,2
cn 40 cream chamois,2
cn 52 neutral,2
fuschia ,2
wn 112 ginger,2
cn 58 honey,2
cn 62 porcelain beige,2
cn 70 vanilla,2
cn 74 beige,2
cn 90 sand,2
wn 94 deep neutral,2
wn 98 cream caramel,2
cream pop,2
petal pop,2
aqua pop,2
bare pop,2
light/medium ,2
skinny jeans,2
beyond blue,2
beyond brown,2
hazelnut,2
beige pop,2
fab pop,2
cherry pop,2
willow pop,2
poppy pop,2
bronze goddess,2
bejeweled,2
hot chocolate,2
mixed metal,2
001 precious rocks,2
000,2
9,2
10,2
new shade! fair/light,2
new shade! light/neutral,2
cocoa pop,2
sunset glow,2
tea rose ,2
black honey,2
pink & plenty,2
pink chocolate,2
taupe ,2
soft blonde,2
wheat,2
peach pop,2
pink honey,2
plum pop,2
berry pop,2
honey blush,2
new shade! medium/dark,2
golden beige ,2
rich ginger ,2
honey beige ,2
bombshell,2
up the bass,2
merlot,2
forbidden,2
shy,2
disorderly,2
dark brown  ,2
ultra black ,2
cocktail hour,2
rome,2
midnight black ,2
femme fatale,2
manila,2
seoul,2
havana,2
budapest,2
madrid,2
shocking pink,2
darling,2
galaxy,2
watermelon,2
currant,2
deep red,2
burgundy,2
plush red,2
confident,2
french kiss,2
exposed,2
citron,2
power,2
temptress,2
chaos,2
liya's nude ,2
julianne's nude ,2
eva's nude ,2
doutzen's nude ,2
monte carlo,2
dubai,2
warm beige ,2
cocoa ,2
sunkissed canadian ,2
soft wheat ,2
prairie rose ,2
pacific tan ,2
niagara fawn ,2
flaxen field ,2
ebony ,2
beige in banff ,2
maple - neutral,2
atlantic bisque ,2
amber honey ,2
sand ,2
porcelain ivory ,2
natural beige (220) ,2
classic ivory (120) ,2
ivory (115) ,2
0.5 breeze,2
coconut ,2
creamy natural  ,2
porcelain ,2
porecelain ,2
beige ,2
light medium ,2
natural ivory ,2
20 deep neutral,2
29 sienna,2
01 linen,2
05 fair,2
shade 04,2
shade 08,2
shade 12,2
natural buff ,2
light ivory ,2
01 fair,2
sun beige  ,2
strawberry milk,2
010 ivory,2
medium brown,2
emerald,2
2.1p,2
baby blue,2
tickled,2
2.0yg,2
jewel,2
topaz,2
2.0n,2
2.0p,2
1.2yg,2
haze,2
1.2y,2
1.2p,2
oro,2
envy,2
beam,2
electric blue,2
2.1y,2
grunge,2
3.0r,2
deep purple,2
3.3n,2
daydream,2
3.2r,2
3.2n,2
3.1y,2
3.1r,2
golden olive,2
black shimmer,2
gray,2
3.0y,2
gold shimmer,2
bronze shimmer,2
frenchie,2
bronze,2
1.2n,2
goal digger,2
pink parfait,2
1.0ns,2
rosie,2
chocolate brown,2
dahlia,2
fresh,2
smoke,2
bahama mama,2
st tropez,2
brave,2
1.0p,2
1.0n,2
posh,2
cafe,2
fearless,2
papaya,2
acai berry,2
fair 05,2
seashell,2
1.1n,2
teal,2
1.1p,2
coral  ,1
summer ,1
intuition ,1
soft spoken ,1
natural red 02 ,1
oh baby pink ,1
hamptons ,1
wine not ,1
brandy berry ,1
haute pink ,1
rose 03 ,1
soft terracotta 04 ,1
naughty nude ,1
blushing beauty ,1
bali (medium rose pink) ,1
ibiza (shimmering hot pink) ,1
bronzilla ,1
airy - shimmering mauve ,1
creation - matte rosy-pink ,1
flashy - matte coral ,1
mauvelous ,1
classy coral ,1
rose (7860c) ,1
black cherry (cream) ,1
coral pink (301) ,1
10-delizioso pink (hot pink matte) ,1
catwalk pink  ,1
cabaret blend  ,1
11-bella rosa (bright raspberry matte) ,1
catalina (cotton candy pink) ,1
bronze beauty (shimmer) ,1
matte naked  ,1
matte lux ,1
key largo (tropical punch) ,1
matte love ,1
laguna (tropical melon) ,1
mendocino (wildflower pink with a gold sheen) ,1
rome (soft tangerine) ,1
baby pink (300) ,1
poppy (302) ,1
tender rose ,1
anna red (400) ,1
super orange (600) ,1
beige pink (700) ,1
matte kiss ,1
matte innocence  ,1
matte iconic ,1
matte glam  ,1
boho chic (cb11) light blue-toned pink ,1
glow (cb05) plummy pink ,1
natural (cb02) soft light pink ,1
orange (cb09) soft orange ,1
tea rose (cb03) medium beige-pink  ,1
matte flirty ,1
soft berry ,1
08-corallina (coral shimmer) ,1
05-luminoso (luminous peach shimmer ) ,1
coral addict ,1
03-berry amore (rose berry with gold shimmer ) ,1
autum (neutral) ,1
hibiscus (cool) ,1
mango ice (warm) ,1
natural (7859c) ,1
double dare ,1
twig blush (neutral tones) ,1
best red (matte) ,1
berry blush (cool tones) ,1
apricot blush (warm tones) ,1
deep coral  ,1
deep rose ,1
deep wine ,1
light rose ,1
medium coral  ,1
medium nude ,1
medium pink ,1
bronzed clove ,1
day lily (demi-matte burgundy) ,1
forever summer	 (demi-matte coral pink) ,1
fresh mandarin ,1
lush nectarine (demi-matte apricot) ,1
strawberry field  ,1
sweet pea ,1
tender twig ,1
coral cove ,1
romantic rose  ,1
bahama beige ,1
01-dolce pink (pink shimmer) ,1
02-rose d'oro (pink & gold shimmer) ,1
electro ,1
soleil (medium bronzed tan with gold shimmer)  ,1
crimson ,1
invite only,1
violet riot,1
casita,1
plum role,1
on the beach,1
tempt me,1
hates pilates,1
get fired,1
punked,1
headliner,1
9 to 5,1
inspiration,1
jam on it,1
action,1
fan mail,1
tabloid,1
valley,1
can't type,1
pout,1
pretty social,1
bombastic,1
panorama pink,1
red rage,1
spectacle,1
straight up,1
maniac,1
fireball,1
made it,1
bad mood,1
stacked,1
my digits,1
warrior pose,1
top shelf,1
talk to me,1
high stakes,1
totes,1
hater,1
right on red,1
infrared,1
power on,1
jam sesh,1
pinch me,1
orange-gina (pearl) ,1
bing,1
deal breaker,1
nude creme (cream) ,1
naturally chic (cream) ,1
coffee run,1
hot seat,1
l.a. sunset,1
legendary,1
beach babe ,1
cheeky cherub ,1
empress ,1
dark ,1
light to medium (1134c)  ,1
medium to dark (1135c) ,1
medium bronze ,1
light to medium (7853c) ,1
heatherwood ,1
earth ,1
peach ,1
dulce caramelo (pearl) ,1
get me to the alter ,1
haute gold,1
luv me gently ,1
passionate plum ,1
peaching to the choir ,1
hibicus ,1
lotus ,1
peony ,1
rosebud ,1
spring ,1
double espresso ,1
amber ,1
matte gold,1
on cloud 9 ,1
witchy,1
bawse,1
vinyl,1
bankrolled ,1
fruit punch (cream) ,1
dream huge,1
stepping out,1
in demand,1
babe alert,1
out loud,1
driver's seat,1
baja bound,1
thrill seeker,1
glowing halo ,1
bang-bang,1
blast off,1
shockaholic,1
some nerve,1
let's dance,1
big spender,1
girl gang,1
miss conduct,1
true grit,1
chill zone,1
matte fearless ,1
kyoto (baby pink) ,1
raspberry ,1
all natural  ,1
maple sugar ,1
mountain sunset ,1
paris ,1
nothern light ,1
moscow ,1
morocco ,1
london ,1
instabul  ,1
sweet chocolate ,1
light  ,1
medium  ,1
fair (msf01) fair complexion with beige undertone ,1
golden beige (msf06) medium complexion with golden undertone ,1
medium beige (msf05) medium complexion with beige pink undertone ,1
porcelain (msf02) light complexion with pink undertone ,1
ibiza ,1
soft beige  ,1
spiced almond ,1
translucent (7586c) ,1
creamy natural (7587c) ,1
porcelain (ultra fair) ,1
translucent light (7314c) ,1
havana ,1
ivory chinook ,1
hazlenut ,1
artic alabaster ,1
san juan ,1
napa vineyard ,1
pretty pink  ,1
true red  ,1
no.3 glamorous look ,1
carolina coast ,1
zurich  ,1
vancouver ,1
transylvania  ,1
sydney  ,1
seoul ,1
prague  ,1
sandy beige ,1
light to medium ,1
medium to dark ,1
light / medium ,1
warm golden ,1
ivory beige ,1
tender peach ,1
porcelain (110) ,1
toffee (330) ,1
coconut (355) ,1
light beige ,1
creamy natural (7315c) ,1
natural beige (7316c) ,1
amber honey (deep - yellow tone) ,1
f-70 ,1
215,1
110,1
220,1
f01 - light  ,1
fo2 - medium ,1
fo3 - dark ,1
cairo  ,1
creamy natural ,1
buenos aires  ,1
budapest ,1
f-10 ,1
210,1
f-20 ,1
f-30 ,1
f-40 ,1
f-45 ,1
f-50 ,1
f-60 ,1
f-80 ,1
f-90 ,1
f-100 ,1
sun beige (85) ,1
320,1
115,1
beige in banff (medium - cool tones) ,1
warm 1 - for light to medium skin with golden undertones ,1
caramel  ,1
hazelnut ,1
ivory chinook (fair - warm tones) ,1
pacific tan (medium - neutral tones) ,1
prairie rose (fair - cool tones) ,1
creamy natrual (820),1
buff beige (825),1
medium beige (842),1
classic ivory (810),1
olive 2 - for olive skin with green undertones ,1
copenhagen  ,1
105,1
cannes  ,1
honey beige  ,1
sandy beige  ,1
warm porcelain ,1
coconut  ,1
rich tan  ,1
tan  ,1
tawny ,1
golden ,1
ice ,1
bordeaux ,1
niagara overlook ,1
coral ,1
redwood forest ,1
127 a stiff pink ,1
128 pinky promise ,1
129 nudist colony ,1
rouge ,1
coral pink ,1
matte darling ,1
fuchsia ,1
matte confident  ,1
matte blissful  ,1
matte beauty ,1
jewel ,1
pebble ,1
perfect rose ,1
luminous pink ,1
abstract orange ,1
smoky rose ,1
cool berry ,1
kiss me coral ,1
champagne on ice ,1
perfect nude ,1
rose velours ,1
deep nude (lpr02) sheer deep nude ,1
nude (lpr01) sheer nude ,1
125 red-dy or not ,1
124 lady and the vamp ,1
smitten ,1
(300) ,1
matte diva  ,1
bo1 - dusty rose ,1
bo2 - coral ,1
bo3 - bubble gum pink ,1
bo4 - bronzer ,1
bo5 - deep plum ,1
fresh pink ,1
hot tamale ,1
peach satin ,1
plum wine ,1
(301) ,1
crush ,1
(302) ,1
(400) ,1
(401) ,1
(600) ,1
cherish ,1
romantic ,1
honey ,1
audition,1
rendezvous ,1
adore ,1
bliss berry ,1
cruise coffee ,1
getaway berry ,1
berry haute ,1
porcelain pink ,1
plumalicious ,1
certainly red ,1
rose velvet ,1
nude pink  ,1
sandalwood beige ,1
fuchsia fusion ,1
pale pink  ,1
wine with everything cream ,1
mauvy night ,1
peekaboo netural ,1
dolly pink  ,1
pinky  ,1
prune ,1
black cherry ,1
siren ,1
rose  ,1
cherry blossom ,1
rich red  ,1
dash of pink ,1
cranberry ,1
berry sorbet ,1
primrose ,1
currant ,1
hollywood beige ,1
berry ,1
all about pink ,1
always red ,1
au naturale ,1
beyond pink ,1
lasting plum ,1
nudes for life ,1
timeless coral ,1
truly burgundy ,1
java ,1
glam red ,1
strike a rose ,1
cabaret ,1
vintage ,1
coralberry ,1
fire & ice ,1
raisin ,1
toast ,1
love that red ,1
red wine ,1
pink in the afternoon ,1
mauve ,1
bloom ,1
high,1
famous,1
screen queen,1
graphite (black) ,1
black organics (1063c) ,1
ultra black organics (1062c) ,1
blue ,1
black organics ,1
ultra black organics ,1
sapphire for blue eyes   ,1
plum for brown eyes   ,1
219 rose montaigne,1
mocha for green eyes   ,1
midnight for hazel eyes   ,1
rock (brown) ,1
277 osée,1
678 culte,1
365 new world,1
414 saint germain,1
434 promenade,1
458 paris,1
520 feel good,1
602 visionary matte,1
634 strong matte,1
642 ready,1
643 stand out,1
644 sydney,1
652 euphoric matte,1
classic black ,1
207 montaigne matte,1
080 red smile,1
060 première,1
577 lazy,1
620 poisonous,1
674 k-kiss,1
740 club,1
744 party red,1
757 american girl,1
857 hollywood red,1
877 turn me dior,1
882 sassy,1
904 black coffee,1
984 dark flower,1
421 natural beige,1
451 natural coral,1
491 natural rosewood,1
761 natural cherry,1
771 natural berry,1
881 natural pink,1
426 sensual matte,1
481 hypnotic matte,1
861 sophisticated matte ,1
999 metallic,1
028 actrice,1
047 miss,1
663 désir,1
683 rendez-vous,1
554 west coast,1
908 black matte,1
565 versatile satin,1
574 lively matte,1
601 hologlam,1
625 mysterious matte,1
658 extreme matte,1
751 rock'n'metal,1
788 frenetic satin,1
797 savage matte,1
862 hectic matte,1
895 fab satin,1
901 oxblood matte,1
tiger lily (bright coral) ,1
743 rouge zinnia,1
strawberry cream  ,1
sienna (burnt bronze red) ,1
ruby ,1
razzberry (plum) ,1
clay,1
earth,1
peace,1
allure,1
sunlit copper,1
sand light,1
intrigue,1
527 reckless matte,1
515 scandalous metal,1
442 impetuous satin,1
427 delicate satin,1
766 rose harpers,1
771 radiant matte,1
772 classic matte,1
775 darling,1
787 exuberant matte,1
789 superstitious matte,1
844 trafalgar,1
872 victoire,1
897 mysterious matte,1
962 poison matte,1
964 ambitious matte,1
999,1
343 panaréa,1
288 miss crush,1
510 jungle beige,1
534 tempting tangerine,1
582 spicy sweet,1
992 poison purple,1
999 matte metal,1
221 chic matte,1
265 fury matte,1
334 vibrant metal,1
375 spicy metal,1
570 la pink,1
487 bubble,1
unzipped,1
669,1
363 nude,1
453 sideral,1
465 shock,1
553 princess,1
629 mirrored,1
643 everdior,1
649 nova,1
653 sequins,1
656 cosmic,1
662 diorling,1
664 new wave,1
673,1
005 glory,1
676 cruise,1
683 chromic,1
686 fancy,1
765 ultradior,1
785 diorama,1
005 charm,1
006 glory,1
341 pure topaz,1
671 vibrant tourmaline,1
741 deep ruby,1
751 intense garnet,1
267 so real,1
211,1
013 mise en dior,1
004 tiara,1
012 pink,1
ultra black organics (7561c) ,1
black (7884c) ,1
100 blue,1
200 apricot,1
300 yellow,1
400 green,1
011 creme,1
021 linen,1
022 cameo,1
031 sand,1
033 apricot beige,1
040 honey beige,1
050 dark beige,1
060 light mocha,1
001 light,1
002 medium,1
003 dark,1
025 medium beige,1
500 pearly vanilla,1
800 pearly pink,1
001 pink,1
003 sparkling,1
991 bold amethyst,1
008 mitzah,1
457 palm beach,1
685 oversize,1
536 lucky,1
553 smile,1
554 it pink,1
561 wonderful,1
578 diorkiss,1
579 must-have,1
612 city lights,1
623 not shy,1
639 riviera,1
655 mutine,1
680 after party,1
686 fantasy,1
009 award,1
722 true,1
745 new look,1
750 rock'n roll,1
871 power,1
881 fashion night,1
976 be dior,1
983 insoumise,1
987 black tie,1
435 dreamy,1
344 rolling,1
420 underground,1
535 tailleur bar,1
glam black ,1
ultra black (7883c) ,1
532 so electric,1
013 ange bleu,1
014 dolce vita,1
015 broadway,1
021 icône,1
023 diorella,1
024 liz,1
025 diorissimo,1
423 minimal,1
853 hype,1
875 beverly pink,1
955 excessive,1
465 cruise,1
885 artsy,1
951 too much,1
967 gotha,1
974 rebellious,1
138 purity,1
260 bright,1
266 delight,1
334 happy,1
343 spring ball,1
441 frimousse,1
451 tribale,1
desire,1
deception,1
mystery,1
rose femme ,1
coral,1
bordeaux,1
hollywood & highlight,1
beverly hills blush,1
mulholland mauve,1
silver lake sunset,1
laurel canyon coral,1
echo park pink,1
fairfax fuchsia,1
sunset & wine,1
nude fair,1
nude light,1
do no wrong,1
nude medium,1
nude dark,1
rosebud,1
red label (cream) ,1
melon,1
rebel rouge ,1
figgy,1
mandarin (erin),1
honey (sara),1
pretty natural  ,1
power pink  ,1
blackout,1
cruise,1
hang,1
deco,1
deep black,1
3d galaxy,1
3d sparks,1
3d neptune,1
3d billionaire,1
3d pacific,1
3d orchid,1
3d gemstone,1
3d gunmetal,1
raven,1
sumatra,1
violetta,1
french navy,1
storm,1
cabana,1
penny lane,1
bare,1
color 9,1
color 10,1
color 11,1
color 12,1
color 13,1
color 14,1
plumrose (cream) ,1
pink frost (metallic) ,1
nut bush,1
dirty,1
call back,1
nerve,1
press tour,1
done deal,1
nude mood,1
tarot card,1
phantom,1
work it,1
safe word,1
monogamous,1
chai,1
easy,1
shavasana,1
cliffhanger,1
addis ababa ,1
booked,1
later,1
off script,1
first time,1
on set ,1
juice it,1
wrap party,1
stylist,1
cognac,1
ticket me,1
back talk,1
inside access,1
full frontal,1
mandarin,1
nylon nude,1
fair play,1
obvi,1
magenta,1
punch drunk,1
paris pink,1
mulberry,1
shock me pink,1
plum scene,1
electric pink,1
latte,1
pink petal,1
fuchsia flash,1
grenadine,1
posy pink,1
hide out,1
gets it,1
publicist,1
rookie,1
hire me,1
just hit play,1
standing o,1
4.4,1
4.3,1
4.2,1
party in the buff ,1
bordeaux cherry ,1
autumn ,1
african violet,1
cheeky ,1
petal,1
pink minx ,1
champagne,1
toasted beige,1
ravishing rose ,1
red carpet ,1
wine tour ,1
unapologet ,1
4.15,1
sultry ,1
juicy details,1
air kiss,1
nice &#039;n teasy,1
frisky business,1
lip service,1
tutti-cutie,1
talk flirty,1
fling thing,1
dare me,1
wing woman,1
carnation (rose) ,1
chocolate kiss ,1
safari,1
grapefruit (nude) ,1
new iman nude,1
new baby doll,1
new hipster,1
new diva,1
new drama queen,1
new rebel,1
sheer gold,1
hot,1
kinky pink,1
paprika,1
iman red,1
flirtatious,1
sheer ice tea,1
opal,1
jaguar,1
wild thing,1
black brandy,1
white gold,1
petunia ,1
morden's blush ,1
hibiscus ,1
pewter,1
tiger eye,1
lollibop,1
kiss you,1
icebreaker,1
tuscan toast ,1
5,1
6,1
7,1
8,1
sweet nectar (cream) ,1
sangria (matte) ,1
ruby valentine (vinyl) ,1
rose hip (cream) ,1
0.5,1
1.1,1
1.15,1
1.2,1
2.1,1
2.15,1
2.2,1
2.25,1
2.3,1
2.4,1
3.1,1
3.15,1
3.2,1
3.35,1
4.05,1
teddy bare (cream) ,1
2,1
fauxmance,1
uptown mauve (cream) ,1
a-lister,1
poutrageous!,1
striking ,1
standout ,1
bikini-tini,1
r.s.v.p.,1
birthday suit,1
always a bridesmaid,1
blue my mind,1
no pressure!,1
my two cents,1
bronze have more fun,1
shewy ,1
holy smokes!,1
beyond black,1
beyond purple,1
beyond green,1
warm matte,1
deep matte,1
elusive ,1
violet volt ,1
velvet merlot ,1
dark  ,1
cool beige ,1
premium pink ,1
mocha ,1
daring graffiti (with glitter) ,1
nemesis ,1
infallible red ,1
red revenge ,1
speed of light  ,1
heaven to henna 205 ,1
adventurous ,1
bewitching  ,1
bubbly ,1
chameleon ,1
cherries in the snow ,1
creme brulee ,1
desirable ,1
plum seduction ,1
divine ,1
dreamer ,1
elegant ,1
fearless ,1
hypnotic ,1
flamboyant flamingo 113 ,1
iced mauve ,1
everlasting caramel 201 ,1
impulsive ,1
irresistible ,1
optimistic ,1
mutant  ,1
fury  ,1
lilac infinite 105 ,1
neverending nutmeg 119 ,1
flashing lights ,1
pink crush - sheer pink (glitter finish) ,1
private viewing ,1
finale ,1
muse ,1
womenswear ,1
socialite ,1
preview ,1
silhouette ,1
fashionista ,1
runway ,1
supermodel ,1
backstage ,1
stylist ,1
ready 2 wear ,1
boho chic ,1
violet parfait 107 ,1
toujours teaberry 109 ,1
timeless rose 115 ,1
raisin revival 215 ,1
perpetual apricot 207 ,1
passionate petal 111 ,1
skipping stone - light pink (metallic finish) ,1
passionate ,1
pure pearl ,1
blushing beige ,1
dark pink frost  ,1
carousel coral ,1
chinchilly (696) ,1
cocktails & coconuts ,1
cute as a button (686) ,1
red quartz (13) ,1
double breasted jacket ,1
soft coral (01) ,1
eternal optimist (676) ,1
praline # 340 ,1
pink ice ,1
fuchsia with blue pearl ,1
red - medium   ,1
raven red ,1
nude - medium   ,1
pink - medium ,1
berry - medium   ,1
fashion playground ,1
fifth avenue (444) ,1
fiji (348) ,1
red - light / medium ,1
nude - light / medium   ,1
pink - light / medium   ,1
berry - light / medium   ,1
red - light   ,1
buy me cameo (286) ,1
butler please (819) ,1
violet marble (15) ,1
bordeaux (424) ,1
revlon red ,1
romantique ,1
sheer petal ,1
stunner (with glitter) ,1
continual crimson 213 ,1
valentine ,1
vivacious ,1
vixen ,1
a list (434) ,1
cherry noir 217 ,1
absolutely shore ,1
seduction ,1
after school boy blazer ,1
angora cardi (700) ,1
addiction ,1
aruba blue (280) ,1
bahama mama (400) ,1
ballet slippers (162) ,1
pink topaz (16) ,1
beach bum blu - sea side blue pearl (776) ,1
berry naughty ,1
bikini so tenny (800) ,1
blanc (008) ,1
cruise collection ,1
high heels ,1
hd camilla ,1
hd sweet pea ,1
pink knickers  ,1
rather red ,1
shop girl  ,1
smashing! ,1
ta-ta! ,1
tea time ,1
hd tulip ,1
twist & twirl ,1
no place like chrome ,1
good as gold ,1
penny talk ,1
baroque beauty	- medium taupe ,1
hd dahlia ,1
call me baby	 - coral ,1
cherry blossom	 - light bubble gum pink ,1
deep wine	 - rich deep red burgundy ,1
eggplant	 - dark purple black ,1
jazz hands	 - medium shimmering caramel ,1
medieval - deep grey brown with slight green undertone ,1
melon mania	 - bright orange coral ,1
mink	 - medium grey ,1
nebula - mixed pink glitter ,1
saturn	 - large gold glitter and small rose glitter ,1
sheer love	 - sheer nude ,1
freida's nude ,1
over the moon  ,1
mum's the word  ,1
loverly  ,1
jlo's nude ,1
drops of jade  (55) ,1
comfy in cashmere ,1
wrap me up ,1
coat couture ,1
spun in luxe ,1
black magic ,1
celestial fix (moon & stars glitter) ,1
sterling (metcallic) ,1
ace ,1
afters ,1
brill! ,1
british khaki ,1
broody  ,1
candy floss ,1
chat up  ,1
coming up roses ,1
dapper ,1
dearie me! ,1
fancy  ,1
flusher blusher  ,1
her majesty's red  ,1
jolly good ,1
twilight romance	 - medium dusty rose ,1
velvet rose	 - medium deep reddish rose ,1
hd snapdragon ,1
out of this world (gray shimmer) ,1
pinky glitter (pink glitter) ,1
rich in heart (red pearl) ,1
rise and shine (green matte) ,1
ruby ruby (red cream) ,1
savage (blue matte) ,1
hd peony ,1
hd marigold ,1
snow me white (white cream) ,1
hd magnolia ,1
social ladder (pink shimmer) ,1
soul mate (nude cream) ,1
hd iris ,1
sugar sugar (red shimmer) ,1
hd hydrangea ,1
timbleberry (red cream) ,1
tokyo pearl (white pearl) ,1
hd hibiscus ,1
under 18 (red pearl) ,1
vacation time (nude cream) ,1
you just wait (pink pearl) ,1
blushing crystal - pale pink (sheer finish) ,1
hd gladiolus ,1
hd geranium ,1
pink forever (pink cream) ,1
mint apple (green cream) ,1
make it magenta ,1
midnight blue (blue cream) ,1
poolside pink ,1
bali mist (purple pearl) ,1
black on black (black cream) ,1
hd rose ,1
boogie nights (orange cream) ,1
hd primrose ,1
cinderella (blue shimmer) ,1
cloud 9 (orange pearl) ,1
cream pink  (pink cream) ,1
daredevil (pink cream) ,1
easy going (nude cream) ,1
hd poppy ,1
endless blue (blue cream) ,1
folly (red cream) ,1
frenzy (purple glitter) ,1
glass pink (pink shimmer) ,1
hd poinsettia ,1
hazard (orange cream) ,1
hottie (blue glitter) ,1
hd petunia ,1
let me go (purple matte) ,1
let's talk (purple pearl) ,1
love nails (blue pearl) ,1
nude - light   ,1
pink - light   ,1
find me an oasis ,1
adorn - rich plum ,1
mad for matte ,1
matte for me ,1
matte-r of fact ,1
she's so matte ,1
verve violet,1
sultry sienna,1
plum berry,1
wine to five,1
wild berry,1
cinnamon stick,1
brazen raisin,1
blush - earthy purple ,1
mermaid blue ,1
flicker - berry ,1
glisten - caramel shimmer ,1
smolder - cherry red ,1
amour ,1
cleopatra ,1
delight ,1
enchantment ,1
euphoria ,1
exuberance ,1
feline ,1
fuchsia flare ,1
lacquerized ,1
lacque-y you  ,1
lacque-y charm ,1
"game, set & matte ",1
starlight silver ,1
strawberry delight ,1
sparkling snow ,1
ballerina beauty ,1
chaos ,1
eye candy ,1
golden sunlight ,1
forever fuchsia ,1
plum fury,1
red siren,1
phantom pink,1
loved up - sassy berry-red cream ,1
castle ,1
baby pink ,1
zoe's red  ,1
liya's red  ,1
julianne's red ,1
freida's red ,1
eva's red ,1
blake's red  ,1
sedona (bright coral) ,1
old blighty - brilliant brick red cream ,1
ruby murray - delicious deep berry cream ,1
jezebel ,1
mauve avant-garde ,1
paris rose ,1
hd smoky topaz ,1
hd sunstone ,1
hd tourmaline ,1
chaos (jlp724) strawberry pink (cream) ,1
hera (jlp722) iridescent soft fuchsia (pearl) ,1
honey nectar (jlp720) soft brown  ,1
hot red (jlp704) bright blue-red (cream) ,1
paris (deep red) ,1
iced coffee (jlp711) deep beige (cream)  ,1
pecan ,1
champagne ,1
key west ,1
maui ,1
santorini ,1
st. tropez ,1
coy ,1
palm beach (pink coral) ,1
napa (rich berry) ,1
las vegas (pale beige) ,1
enticing ,1
provocative ,1
bermuda (nude pink) ,1
bombay (shimmery rose) ,1
bordeaux (deep wine) ,1
hd strawberry topaz ,1
hd smoky quartz ,1
revolution ,1
hd rose quartz ,1
romanesque ,1
rouge en folie ,1
sentimental ,1
santa fe (deep apricot) ,1
vivid coral ,1
nude thrill ,1
nude flush ,1
pink charge ,1
electric pink ,1
fuchsia ecstasy ,1
orange shot ,1
rebel red ,1
berry boost ,1
vivid violet ,1
possessed plum ,1
hd carenelian ,1
hd fire opal ,1
hd garnet ,1
hd petalite ,1
hd pink diamond ,1
punta cana (bright fuscia) ,1
hd pink ruby ,1
hd pink sapphire ,1
princess purple ,1
fairy glitter ,1
berry - light  ,1
pretty edgy ,1
master plan (779) ,1
merino cool (730) ,1
midnight cami (697) ,1
minimalistic ,1
mint candy apple ,1
mochacino (781) ,1
muchi muchi (152) ,1
no more film (792) ,1
over the edge (712) ,1
playdate (783) ,1
plumberry (292) ,1
lo1 - nude shade ,1
delicious peach ,1
rose rush ,1
sand tropez (745) ,1
smokin' hot (739) ,1
stylenomics (806) ,1
sugar daddy (473) ,1
sunday funday ,1
tart deco (709) ,1
topless & barefoot ,1
trophy wife (776) ,1
tuck it in my tux ,1
turquoise & caicos (720) ,1
marshmallow (024) ,1
madison ave-hue ,1
mademoiselle (384) ,1
lilacism (705) ,1
rose melody (101)  ,1
"plum, please ",1
go overboard (782) ,1
pink insanity  ,1
going incognito ,1
partner in crimson  ,1
my-my magenta ,1
haute in the heat ,1
i'm blushing! ,1
i like to mauve it ,1
fast & fuchsia  ,1
cherry cherry bang bang  ,1
berry misbehaved ,1
lo5 - soft coral ,1
hi maintenance ,1
lo4 - vintage ruby red ,1
lo3 - barbie pink ,1
in stitches (727) ,1
lo2 - pinkyred  ,1
in the cab-ana ,1
lady like ,1
lapiz of luxury (717) ,1
licorice (720) ,1
vanity fairest (120) ,1
watermelon (127) ,1
wicked (249) ,1
summer love (lss617) beige with soft pink undertones (cream) ,1
pure nude (lss518a) neutral baby pink (cream) ,1
power (lss629) blue-toned mauve (cream) ,1
peach bellini (lss593a) glittery coral (pearl) ,1
orange soda (lss588) light salmon pink (cream) ,1
nyx (lss507) tangerine (pearl) ,1
narcissus ,1
margarita (lss597) shimmery coral (pearl) ,1
indian pink (lss550) peachy pink with gold shimmer (pearl) ,1
haute melon ,1
gala ,1
flower (lss619) blue-toned medium pink (pearl) ,1
fire (lss599) fire-engine blue-toned red (cream) ,1
fig (lss640) dark neutral pink (cream) ,1
femme (lss643) bright pink-red (cream) ,1
chloe (lss521) iridescent fuchsia (pearl) ,1
sweetpea (sheer pink) ,1
chic (lss563a) blue-toned bubblegum pink (pearl) ,1
baby slipper ,1
princess dress ,1
rock star ,1
twinkled pink ,1
twinkled purple ,1
apple blossom ,1
stella (lss564a) bright yellow-toned pink (cream) ,1
violet ray (lss561) violet (cream) ,1
"angel kisses (soft, light pink) ",1
vitamin (lss626) shimmering peach (pearl) ,1
berry go round (raspberry inspired fuschia) ,1
petal pink ,1
brand spankn blue (royal blue glitter) ,1
bubble trouble ,1
lilac flush ,1
fairy fabulous (soft purple) ,1
"forever fancy (shimmer, bright pink ",1
coral burst ,1
"girls rule! (bright, shimmery purple) ",1
glamour girl (purple shimmer with silver glitter) ,1
glitterbug (silver glitter) ,1
jazz it up (bright pink shimmer) ,1
lol (neon magenta with shimmer) ,1
"mer-maid in the shade (creme, ocean blue) ",1
"mint to be (creme, mint green) ",1
muddles the pig ,1
"peace of cake (creme, peachy coral) ",1
"periwinkle little star (creme, pastel orchid) ",1
"pinkie promise (creme, neon pink) ",1
radioactive (glows in the dark)  ,1
"sea-quin (creme, bright turquoise) ",1
blushing bud ,1
barely bloomed ,1
bare all ,1
nude lust ,1
buff beige  ,1
aegean (turquoise shimmer) ,1
moonstone (c) ,1
ocean mist (c) ,1
peach freeze (n) ,1
purple pride (c) ,1
250b sugar ,1
251b brulee ,1
bad to the bronze ,1
tenacious teal ,1
too cool ,1
tough as taupe ,1
moreton bay (deep matte plum) ,1
oz (warm golden yellow shimmer) ,1
meadow (demi-matte) ,1
st. tropez (natural beige shimmer) ,1
blackberry (demi-matte) ,1
breeze (demi-matte) ,1
burlap (matte)  ,1
cameo (demi-matte light pink white) ,1
crocus (demi-matte lilac purple ,1
dove	(matte medium grey) ,1
ecru	(matte cream) ,1
espresso (demi-matte) ,1
freesia (demi-matte medium pink) ,1
grape (demi-matte) ,1
marsala ,1
lavender grey (c) ,1
grenada green (n) ,1
deep plum (n) ,1
happy hour (hs27) matte medium brown  ,1
heat (hs70) pearly copper  ,1
lace (hs36) matte nude  ,1
lol (hs75) matte deep orange  ,1
naked truth (hs37) matte beige  ,1
pink lady (hs04) iridescent dark pink  ,1
pixie (hs86) pearly champagne ,1
s.o.s (hs43) matte cool light brown  ,1
sex kitten (hs73) peachy pink shimmer  ,1
stfu (hs60) matte yellow  ,1
ultraviolet (hs12) matte true violet  ,1
whipped cream (hs35) matte white  ,1
wild orchid (hs05) iridescent fuchsia  ,1
chocolate suede (95) ,1
creamy beige (80) ,1
deep forest (85) ,1
dramatic black (100) ,1
vintage plum (90) ,1
black tie (n) ,1
champagne (n) ,1
close to cocoa (w) ,1
copper (w) ,1
cornflower (n) ,1
luna (demi-matte) ,1
mirage (demi-matte) ,1
blake's pure red ,1
indigo ,1
lake como ,1
rich chocolate ,1
azure - navy blue ,1
go black ,1
graphite ,1
midnight ,1
ultraviolet ,1
forest ,1
metal daze ,1
ruby ripple  ,1
expresso ,1
deep charcoal ,1
nectar (demi-matte) ,1
mulberry ,1
purple rain ,1
electric blue ,1
effervescent ,1
caribbean ,1
emerald ,1
blue lagoon ,1
metal green ,1
bronze ,1
nile nude ,1
charcoal ,1
lake geneva ,1
secret beach (nude) ,1
pfeiffer beach (egg plant) ,1
pebble beach (brown) ,1
onyx (demi-matte black) ,1
pewter (demi-matte) ,1
reef (demi-matte turquoise) ,1
sahara (demi-matte) ,1
sterling (demi-matte) ,1
whisper (demi-matte) ,1
inked in pink (55) ,1
silver strike (60) ,1
barely branded (70) ,1
gold (900) ,1
black (001) ,1
whire (002) ,1
blue (100) ,1
brown (500) ,1
purple smoke ,1
taupe smoke ,1
peacock ,1
bronze age ,1
ballerina ,1
taupe du jour ,1
vanilla ice ,1
wisteria ,1
loch ness (navy) ,1
fetish (hs71) pearly violet  ,1
epic (hs10) iridescent violet  ,1
damage control (hs14) pearly taupe ,1
soft ivory ,1
nature's blush ,1
mica ,1
fairest nude ,1
cinnamon toast ,1
british red ,1
blushing berry ,1
medium (6224c) ,1
touch of spice ,1
ravishing rose (bright rose pink) ,1
soft tan ,1
mesmerizing magenta ,1
naked ,1
bad seed (hs06) red with gold glitter ,1
lust for blush ,1
porcelain/ light ivory ,1
soft ivory/ classic ivory ,1
shell beige ,1
golden beige  ,1
natural buff  ,1
fresh beige  ,1
caramel beige  ,1
soft sable ,1
sand beige ,1
01 macadamia ,1
plum explosion ,1
ruby flame ,1
brilliant bordeaux ,1
premier plum ,1
abu dhabi ,1
classic buff ,1
classic ivory  ,1
light ivory  ,1
warm me up ,1
crazy for coffee ,1
coral crush ,1
perfect beige  ,1
born with it ,1
suntan ,1
01 - very fair with yellow undertone ,1
are you red-dy ,1
dubai (burnt nude) ,1
stellar sunrise ,1
top tomato ,1
iconic iris ,1
#1 nude ,1
025 - medium/fair with neutral undertone ,1
03 - medium/fair with golden undertone ,1
04 - medium/dark with yellow undertone ,1
045 - medium/dark with goldenundertone ,1
05 - dark with neutral undertone ,1
light (6223c) ,1
02 almond ,1
03 chestnut ,1
04 hazelnut ,1
ivory 09 ,1
peach blossom 03 ,1
shady green 06 ,1
craving coral ,1
tulip tide ,1
smoky blue 05 ,1
taupe  04 ,1
audacious asphalt ,1
barely beige ,1
bronze truffle ,1
charcoal chrome ,1
creamy chocolate ,1
gold rush ,1
sunset cruise ,1
suede splash  ,1
scarlet soaked ,1
grey crystal ,1
lavish lavender ,1
russet river ,1
lilac lust ,1
pink parfait ,1
 nude for green eyes   ,1
amethyst for brown eyes   ,1
khaki for hazel eyes   ,1
lilac 07 ,1
golden sand 01 ,1
05 nutmeg ,1
golden earth 02 ,1
faint for fuchsia ,1
sand  ,1
classic ivory (light 2) ,1
natural beige (medium 2.5) ,1
natural ivory (light 3) ,1
porcelain ivory (light 1) ,1
daringly nude ,1
pure beige (medium 2) ,1
toffee ,1
c1 alabaster  ,1
c6 soft sable  ,1
c7 nut brown ,1
n3 natural buff  ,1
n5 true beige  ,1
w1 porcelain  ,1
w2 light ivory  ,1
w3 nude beige  ,1
w5 sand beige  ,1
w8 creme cafe ,1
nude beige (125) ,1
arctic alabaster ,1
swiss chocolate ,1
delicate rose 08 ,1
cobalt blue ,1
highlighter ,1
pure purple ,1
lunching in yorkville ,1
ruby's cubes (top coat)  ,1
salsa dance ,1
shocked ,1
"star light, star bright  ",1
sugar cube  ,1
tickled pink  ,1
titanium  ,1
yowza yellow ,1
deep creek ,1
canadian wildberries ,1
double double ,1
true north ,1
blame it on fat tuesday ,1
butterflies (40673) ,1
lola (40660) ,1
oh cabana boy (40466) ,1
terracota (40071) ,1
acceptance speech  ,1
backlit  ,1
blacklist  ,1
box office smash  ,1
cameo ,1
casablanca ,1
casting couch  ,1
razzle dazzle  ,1
put a ring on it  ,1
plum sorbet ,1
perky pink  ,1
stormy sahara ,1
party in the masquerade ,1
throw me something purple please ,1
a royal affair  ,1
bermuda baby  ,1
cold as ice ,1
cosmic dust (top coat)  ,1
fiesty fishnet ,1
truffle tease  ,1
fired up fuchsia  ,1
flamingo flair  ,1
foxy lady  ,1
georgia peach ,1
gold leaf  ,1
gone sailing  ,1
haute pink  ,1
he's with me! ,1
lilacking control  ,1
loopy lime ,1
mint julep  ,1
mother of pearl (top coat)  ,1
oil slick  ,1
pearlie pink  ,1
cinematic  ,1
maple kiss ,1
cliffhanger  ,1
forever crimson (40041) ,1
bus stop crimson (40087) ,1
vixen (40653) ,1
be more pacific  ,1
black creme ,1
amethyst aura ,1
hidden gems 141 ,1
i like it chunky 144 ,1
pop the bubbles 142 ,1
sexy in sequins 137 ,1
the statement piece 138 ,1
 fuchsia (009) ,1
jamaican out (174) ,1
on a silver platter ,1
lots of lux ,1
ignite the night ,1
cosmic flakies ,1
golden confetti ,1
golden glaze ,1
holographic pearls ,1
matte pearl glaze ,1
nude graffiti ,1
pink glaze ,1
no.7 metallic lavender ,1
ruby (40363) ,1
purple crush (40464) ,1
end scene  ,1
gorgeous (40131) ,1
green screen  ,1
headliner  ,1
iconic  ,1
improv  ,1
intermission  ,1
leading lady  ,1
melodrama  ,1
nominee ,1
opening night  ,1
out-take  ,1
overexposed ,1
preview  ,1
silver screen  ,1
special effects ,1
spoiler alert  ,1
star treatment  ,1
the industry  ,1
tinseltown  ,1
triple threat  ,1
prince charming (40715) ,1
hot chocolate (40719) ,1
goth (40637) ,1
monroe's red (40052) ,1
jester ate the king cake ,1
untainted spice ,1
true teal ,1
black out ,1
turquoise flash ,1
brimming berry  ,1
vibrant violet ,1
airliner blue ,1
jetliner black ,1
krytonite ,1
blush basin  ,1
xox ,1
on fire red (895) ,1
navy ,1
purple ,1
green spark ,1
pop the clutch ,1
mahogany flame ,1
black gold foil ,1
brown foil ,1
navy foil ,1
purple foil ,1
midnight - deep navy ,1
tahitian - pearl pearlized green-grey with gold dust  ,1
black pearl for hazel eyes ,1
purple amethyst for brown eyes ,1
brown black ,1
black mica ,1
sparkle grey ,1
marvelous maroon ,1
edgy emerald ,1
fuchsia flood ,1
magenta rush  ,1
01 matte beige & highglow ,1
03 vanilla & natural taupe ,1
lilly lake ,1
no. 10 petrol ,1
no.4 night blue ,1
no.7 anthracite ,1
black (05) ,1
004 warm light,1
dark blue (01) ,1
soft brown (04) ,1
soft grey (02) ,1
brown topaz for blue eyes ,1
purple amethyst brown eyes ,1
raisin quartz for green eyes ,1
onyx ,1
pewter ,1
juniper water  ,1
immaculate snow ,1
espresso ,1
iced iris ,1
beauty blue ,1
chocolate chip ,1
black (7367c) ,1
pink pop (880) ,1
deep brown (7366c) ,1
rose grey non pearl (007) ,1
neon pink non pearl (310) ,1
orchid non pearl (201) ,1
off white non pearl (001) ,1
stark black non pearl (009) ,1
shocking coral (870) ,1
fuchsia flash (865) ,1
empire green non pearl (903) ,1
lemon yellow non pearl (800) ,1
valencia non pearl (603) ,1
tiger lily non pearl (602) ,1
blush bouquet ,1
i do ,1
on one knee ,1
under my sunbrella ,1
summer love ,1
vivid rose (825) ,1
mermaid dreams ,1
endless keys ,1
bop till you drop ,1
catch a flick ,1
go for the pinks ,1
expresso exposed  ,1
got it made in the shade ,1
sweet pink non pearl (303) ,1
biscuit non pearl (701) ,1
ultra black (7365c) ,1
royal purple non pearl (202) ,1
coffee ,1
blackest black 950 ,1
brown 952 ,1
charcoal 954 ,1
lace camisole ,1
shiny orange glitter (604) ,1
metallic silver glitter (004) ,1
metallic gold glitter (802) ,1
shiny pink glitter (308) ,1
shell pink shimmer (302) ,1
celadon grey shimmer (008) ,1
mango spice shimmer (305) ,1
electric orange (880) ,1
gold beige shimmer (700) ,1
deco blue  shimmer (101) ,1
pink flamingo shimmer (304) ,1
apricot matte (601) ,1
rose red matte (306) ,1
sugared lemon matte (801) ,1
silver white matte (003) ,1
ink blue matte (103) ,1
vivid pink non pearl (311) ,1
anna red non pearl (400) ,1
bff pencil,1
mod pop,1
002 fresh light,1
wrath,1
trickery,1
risque,1
sinful,1
immortal,1
betrayal,1
cold hearted,1
stone cold,1
bewitching,1
she devil,1
aphrodisiac,1
covet,1
enamored,1
metallic violet black,1
matte nude,1
glossy plum,1
glossy nude,1
matte navy,1
metallic brown,1
glossy black,1
matte red,1
matte mauve,1
glossy pale pink,1
matte rose,1
glossy peach,1
pink nude,1
mischievous,1
cocoa bean,1
first base,1
coral-sicle,1
maraschino,1
candy apple,1
russian roulette,1
leading lady,1
knock out,1
fairest,1
peaches,1
disrobed,1
orange blossom,1
key lime,1
pistachio,1
blue velvet,1
earl grey,1
black sesame,1
chambord,1
coconut,1
metallic gold,1
glossy deep berry,1
metallic bronze,1
pink cloud,1
plush,1
pink lace,1
dark cloud,1
berry tea,1
molten love,1
irish coffee,1
pink brown,1
honey nectar,1
pecan,1
neon lights,1
bonfire,1
shooting star,1
easy livin,1
west coast,1
sandy kiss,1
snack shack,1
sandcastle,1
smormellow,1
boardwalk,1
tan lines,1
vacation spot,1
athena,1
baby pink,1
sash,1
harmonica,1
marrakesh pink,1
jupiter,1
gala,1
narcissus,1
lip du jour,1
sky pink,1
rose bud,1
vitamin,1
indian pink,1
scorching sun,1
heat wave,1
firecracker,1
staycation,1
hera,1
maroon,1
iced coffee,1
rose brown,1
metallic copper,1
glossy wine,1
matte warm brown,1
summer fruits,1
pink bikini,1
hot nights,1
snowcone,1
beach bbq,1
fire brick,1
fruit punch,1
sweet shock,1
daydreaming,1
midnight swim,1
thunderstorm,1
moonlit night,1
block party,1
ripe berry,1
root beer float,1
afternoon heat,1
lifeguard,1
xoxo,1
flushed,1
stella,1
soft ivory,1
ebony,1
almond,1
warm nude,1
warm almond,1
cool chestnut,1
warm ivory,1
warm sand,1
california tan,1
soft mocha,1
maple,1
buff beige,1
soft tan,1
fawn,1
opalescent,1
luminous,1
warmth,1
pale,1
camel,1
deep sable,1
deep cool,1
sunlit,1
hex,1
heatwave,1
kinetic,1
python,1
deep caramel,1
terra cotta,1
brilliant,1
pinched,1
pink fetish,1
statement red,1
chiffon,1
wanderlust,1
solstice,1
ignite,1
bora bora,1
marbella,1
phi phi island,1
sweet spring,1
insta flame,1
code breaker,1
mauve me,1
feel the heat,1
soft flush,1
strictly chic,1
nude to me,1
magnolia,1
pink lotus,1
tulip,1
pink poppy,1
orchid,1
hibiscus,1
water lily,1
rose garden,1
cherished,1
timid,1
rosey sunset,1
disco rage,1
vanilla sky,1
black lips,1
whipped cavier,1
los angeles,1
dolly pink,1
citrine,1
sand pink,1
edge pink,1
bloom,1
purple rain,1
ever,1
never,1
y2k,1
cabaret,1
pumpkin,1
tangerine,1
peekaboo neutral,1
coffee,1
nude truffle,1
brown cafe,1
toast,1
hot cocoa,1
black berry,1
passionate,1
extraordinary,1
dark red,1
nectar,1
pretty in pink,1
summer tease,1
fluorescent,1
cheeky,1
bedrose,1
alluring,1
high standards,1
knock em red,1
red tape,1
brick house,1
dark soul,1
pink canteloupe,1
crushed,1
live in pastel,1
soft pink,1
brazen,1
revamp,1
nebula,1
staged,1
nude suede shoes,1
sugar glass,1
beyond nude,1
need me,1
intimidate,1
urban café,1
pinky beige,1
chic,1
margarita,1
baecation,1
true vixen,1
sophisticated,1
individualistic,1
savage,1
resistance,1
on the dl,1
oh so pretty,1
obvs,1
conform,1
serpent,1
chain reaction,1
snarky,1
in the red,1
risktaker,1
ruthless,1
empowered,1
dangerous,1
cool intentions,1
puppy love,1
group love,1
squad goals,1
teenage dream,1
pop quiz,1
moody,1
best buds,1
rustic mirage,1
wild spirit,1
flashy,1
rags to riches,1
violet femme,1
sweet 16,1
privileged,1
flutter kisses,1
playdate,1
twisted,1
feline,1
burlesque,1
hollywood,1
rock star,1
free spirit,1
tan-gerine,1
mirage,1
flawless,1
stone,1
dirty talk,1
opinionated,1
dance party,1
boundless,1
almost famous,1
fiery,1
lucy,1
red haute,1
rebel soul,1
smoke me,1
wisteria,1
antique romance,1
liquid plum,1
euphoric,1
retro socialite,1
wizardry,1
charmer,1
heartbreaker,1
obsessed,1
victorian,1
nightrunner,1
invasion,1
revolt,1
bad girl,1
night walker,1
rebel,1
bad seed,1
the new normal,1
booming,1
spring it on,1
cocktail party,1
fairplay,1
crushing it,1
gypsy dream,1
day club,1
lucid,1
foam party,1
i woke up like this,1
entice,1
coy,1
slay,1
blazed,1
poised,1
extraterrestrial,1
love letter,1
mystic gypsy,1
lovetopia,1
ruby couture,1
juicy peach,1
violet glass,1
dark magic,1
fuchsia fusion,1
crystalized metal,1
solar energy,1
out of this world,1
electromagnetic,1
galactic,1
comets tail,1
dark nebula,1
asteroid aura,1
ultraviolet,1
celestial star,1
speed of light,1
metropolitan night,1
celestial,1
retro harmony,1
galactic love,1
elite,1
tiara,1
pink lady,1
paparazzi,1
hope,1
snow white,1
electra,1
chic red,1
fire,1
eros,1
nyx,1
haute melon,1
femme,1
peach bellini,1
orange soda,1
pure nude,1
pumpkin pie,1
uberchic,1
frosted flakes,1
echo,1
circe,1
rea,1
summer love,1
frappucino,1
heredes,1
mars,1
hippie chic,1
audrey,1
summer breeze,1
girl crush,1
hebe,1
hero,1
duchess,1
hestia,1
pink lyric,1
christie,1
rose bouquet,1
blush,1
louisiana,1
spell bound,1
gardenia,1
haute couture,1
shiva,1
eucalyptus,1
chloe,1
fusion,1
peach,1
minimalism,1
heather,1
doll,1
thalia,1
perfect,1
b52,1
lala,1
castle,1
pandora,1
violet ray,1
medusa,1
bruised,1
zen orchid,1
ultra dare,1
dark era,1
siren,1
firestorm,1
jolt,1
sidekick,1
kiss the dust,1
dime piece,1
air blossom,1
azalea,1
fizzy berries,1
karma kiss,1
sharp femme,1
sacred mix,1
pastel dust,1
foxy love,1
coral mist,1
breakup,1
effervescent,1
miami nights,1
unicorn fur,1
violet voltage,1
midnight muse,1
volcano,1
blood love,1
beach casual,1
soft femme,1
charmed,1
sandman,1
con artist,1
night crawler,1
indie flick,1
whipped caviar,1
euro trash,1
sierra,1
strawberry daiquiri,1
crazed,1
eden,1
bloody mary,1
perfect red,1
pure red,1
street cred,1
crave,1
spirit,1
loaded,1
couture,1
bare with me,1
minx,1
butter,1
the nudes,1
the pinks,1
the reds,1
the plums,1
lethal kiss,1
trickster,1
locked,1
foreplay,1
spanish rose,1
journey,1
dune,1
sea shell,1
taffy,1
caribbean,1
fiery red,1
pearl pink,1
pink shimmer,1
sunset bronze,1
sweet cherry,1
tropical fuschia,1
27 kisses,1
amalia,1
bitter sweet,1
dirty diana,1
dreamtime,1
fairy tale,1
halo,1
just like jade,1
naked,1
precious,1
revenge,1
ruby rose,1
survivor,1
viva,1
zo zo,1
sunny beige,1
radiance,1
coconut cream,1
dark 180,1
beach bum,1
bobbie,1
ellie,1
kat,1
brie,1
emmy,1
dusty rose,1
kylie,1
leah,1
lip plumping balm,1
luna,1
nova,1
sahara,1
evrest,1
casablanca,1
b smudged,1
every blonde's pink,1
soft kiss,1
ruby's red,1
copper penny,1
sweet plum,1
white diamond,1
tropical sunset,1
moonless night,1
mocha latte,1
brazillian brown,1
blanc,1
a la mode,1
soiree,1
foret,1
raspberry,1
conch,1
crushed rose,1
tender toffee,1
deja vu,1
sun dial,1
terra gold,1
cowry,1
tender,1
nautilus,1
extremely nude,1
ginger snap,1
coral shell,1
twilight,1
sand dollar,1
rise,1
opulence,1
bliss,1
true,1
fierce,1
vivid,1
courage,1
pale almond,1
dusk,1
puff,1
apricot,1
hazel brown,1
dark gray,1
oam,1
tres beau,1
c'est bon,1
lune,1
minuit,1
mon amour,1
fleur,1
blushing apple,1
desert rose,1
bisque,1
jade,1
k aki,1
riz violet,1
charcoal brown,1
aubergine,1
argent,1
noir,1
evelyn,1
giselle,1
ava,1
flair,1
lush,1
pure,1
babe,1
wild,1
babs,1
dark 175,1
ladylike,1
brink pencil,1
ellarie pencil,1
toy pencil,1
bff pencil 2,1
bee's knees,1
brain freeze,1
drip,1
on a stick,1
ice cube,1
lolly,1
candyfloss,1
ziggie,1
goldie,1
love life,1
who run this,1
aquarius,1
brink,1
cami,1
sike,1
fly-fi,1
after shock,1
little tings,1
ink blot,1
candy paint,1
ellarie,1
oh snap,1
i heart this pencil,1
bull chic pencil,1
dark 170,1
leather pencil,1
beeper pencil,1
oh snap pencil,1
curvii pencil,1
lumiere pencil,1
bumble pencil,1
bff pencil 3,1
brills pencil,1
are n be pencil,1
contempo pencil,1
heart on pencil,1
trixie pencil,1
chi chi pencil,1
clique pencil,1
frenchie pencil,1
bossy pencil,1
wild nothing pencil,1
dopey pencil,1
toolips pencil,1
mamacita pencil,1
pitch pencil,1
lbb pencil,1
love bug pencil,1
poison pencil,1
bichette pencil,1
dukes pencil,1
faded,1
bound,1
party foul,1
parker,1
light 45,1
light 50,1
light 55,1
light 60,1
light 65,1
light 70,1
light 75,1
medium 80,1
medium 85,1
medium 90,1
medium 95,1
medium 100,1
medium 105,1
medium 110,1
medium dark 115,1
medium dark 120,1
medium dark 125,1
medium dark 130,1
medium dark 135,1
medium dark 140,1
medium dark 145,1
dark 150,1
dark 155,1
dark 160,1
dark 165,1
fair 35,1
fair 30,1
fair 25,1
leather,1
bichette,1
sauce,1
topanga,1
lullaby,1
contempo,1
heart on,1
i heart this lippie,1
tootsi,1
cookie,1
persuasion,1
pitch,1
"mirror, mirror",1
fair 20,1
poison,1
lbb,1
bossy,1
chi chi,1
trust me,1
poppin',1
lumiere,1
taurus,1
kapish,1
fair 10,1
fair 15,1
dark/deep,1
quartz,1
moonstone,1
cobalt blue,1
put a wing on it,1
super edgy,1
a bit edgy,1
quite the bender,1
on the dot,1
super sketchy,1
hella fine,1
extreme pink,1
extreme green,1
extreme sky blue,1
extreme sapphire,1
extreme blue,1
extreme purple,1
extreme plum purple,1
extreme coffee,1
extreme gold,1
extreme silver,1
extreme smokey gray,1
glam azure,1
glam lagoon,1
glam purple,1
glam 24 karat,1
glam black,1
glam pink,1
glam nude,1
grey,1
royal blue,1
cake,1
liquid brown liner,1
cashmere,1
yogurt,1
sparkle nude,1
pure gold,1
sparkle leopard,1
french fries,1
iced mocha,1
cottage cheese,1
milk,1
pots & pans,1
knight,1
black bean,1
anchor,1
dauntless,1
crone,1
visceral,1
alliance,1
hazy,1
extra,1
savvy,1
glossy brown liner,1
matte brown liner,1
satin finish brown liner,1
kohl kajal brown liner,1
skinny brown liner,1
glam golden,1
glam platinum,1
vivid petal,1
vivid fire,1
cheek on cheek,1
lavender lust,1
chardonnay shimmer,1
pearl pink lace,1
pinkie dust,1
coralicious,1
rose petal pop,1
brick red blaze,1
sun kissed crush,1
bermuda bronze,1
maui suntan,1
sandy glow,1
topaz tan,1
boho chic,1
rose petal,1
red cheeks,1
highlighter,1
peachy,1
rosey,1
spice,1
paradise,1
love,1
truth,1
dare,1
full-on femme,1
ginger & pepper,1
two to tango,1
perfect match,1
hot fuchsia,1
vivid delight,1
vivid halo,1
vivid envy,1
vivid sapphire,1
vivid blossom,1
mermazing,1
magical,1
hot orange,1
hot yellow,1
hot green,1
hot blue,1
hot black,1
deep tan,1
brighten,1
confessions of tanaholic,1
bronze ensemble,1
when leopard gets a tan,1
tan enthusiasm,1
tribal odyssey,1
narcissistic,1
chaotic,1
ritualistic,1
enigmatic,1
dark tan,1
purple velvet,1
pacific,1
oyster,1
black metal,1
auburn/soft pink,1
brunette/cream,1
espresso/light beige,1
ash brown/medium beige,1
black/golden peach,1
black/ grey,1
dark brown/ brown,1
taupe / ash,1
auburn / red,1
palisade paradise,1
killing it,1
cotton candy,1
frost,1
crystal vault,1
interstellar,1
supernatural,1
infinite star,1
emma,1
betty,1
charlotte,1
danielle,1
samantha,1
scarlette,1
annie,1
copper,1
soft brown/rose,1
taupe/vanilla,1
blonde/ivory,1
la amoureux,1
like,1
crush,1
jam,1
leo,1
zip,1
waterproof - black,1
le frou frou,1
pin-up tease,1
provocateur,1
faux lashes,1
le chick flick,1
za za zu,1
more to love,1
blue,1
perfect pear,1
coral reef,1
mint julep,1
forget me not,1
pink petals,1
xxl,1
badunkadunk,1
voluptuous,1
full figured,1
curvaceous,1
gunmetal,1
pitch black,1
cobalt,1
linen,1
velvet,1
white pearl,1
aqua green,1
gypsy blue,1
deep blue,1
esmeralda,1
tropical green,1
azure,1
sunrise blue,1
pretty violet,1
purple blaze,1
glitzy gold,1
golden bronze,1
brown perfection,1
pure white,1
platinum,1
gun metal,1
black sparkle,1
rust,1
cucumber,1
lime,1
horseradish,1
rocky mountain green,1
sparkle green,1
peacock,1
lavender shimmer,1
sapphire,1
satin blue,1
blackberry,1
honeydew,1
mint cream,1
baby powder,1
lavender blush,1
white smoke,1
oxblood,1
burnt sienna,1
black olive,1
onyx,1
midnight,1
obsidian,1
black hole,1
sky shimmer,1
glossy black liner,1
matte black liner,1
satin finish black liner,1
kohl kajal black liner,1
powdery black liner,1
powdery brown liner,1
green shimmer,1
moss,1
emerald city,1
seafoam green,1
aqua shimmer,1
bang bang,1
fatal attraction,1
001 fresh tan,1
intense punch,1
intense cosmo,1
intense cranberry,1
intense passion,1
intense blush,1
intense cayenne,1
intense sassafras,1
intense cafe,1
intense licorice,1
intense cola,1
delovely,1
adore u,1
pink-a-boo,1
pink beach,1
berry blush,1
baby baby,1
raspberry rush,1
pink goddess,1
waterviolet,1
apple brandy,1
fresh watermelon,1
cranberry cream,1
ambrosia,1
extreme pink ,1
go fig,1
nearly violet,1
intense jam,1
intense hibiscus,1
robust rhubarb,1
chili,1
roly poly rosy,1
plumped up peony,1
pink in motion,1
normous nude,1
portly peach,1
jumbo jem,1
powerhouse punch,1
goliath grape,1
va va va violet,1
super scarlet,1
lipblush,1
neutrally,1
honeystick,1
bamboo,1
cocoa rose,1
baby buff,1
crushed berry,1
soft rose,1
velvet rose,1
cocoa peach,1
tawny tulip,1
sky violet,1
plummy,1
chocolate chip,1
bon bon,1
very currant,1
toasted rose,1
rose spectrum,1
sassy spice,1
beauty,1
all heart,1
red red red,1
golden brandy,1
pink spice                         ,1
black violet,1
blushing nude,1
sugared maple,1
bamboo pink,1
heather moon,1
dubonnet,1
boom pop,1
cake pop,1
flame pop,1
ripe pop,1
sweetheart pop,1
candied apple pop,1
black licorice pop,1
budding blossom,1
coming up rosy,1
poppin' poppy,1
flowering freesia,1
palm beach pop,1
capri pop ,1
santorini pop,1
rose shimmer,1
berry freeze,1
baby kiss,1
roomiest rose,1
cider berry,1
pure posh,1
rosette,1
after party,1
red-y to wear,1
roundest raspberry,1
curviest caramel,1
chunkiest chili,1
mightiest maraschino,1
heftiest hibiscus,1
plushest punch,1
broadest berry,1
creamy nude,1
grandest grape,1
matte beauty,1
matte plum,1
matte crimson,1
will you?,1
i do!,1
silvery moon,1
violet berry,1
ginger flower,1
runway coral,1
twilight nude,1
amp'd up apple,1
totally tawny,1
sugared grapefruit,1
charcoaled,1
hefty highlight,1
curvy contour,1
invisible blend,1
transparency neutral,1
transparency 2,1
transparency 3,1
transparency 4,1
transparency 4 plus,1
transparency bronze,1
transparency 5,1
sunswept,1
sunblushed,1
nude glow,1
golden glow,1
bronze glow,1
universal glow,1
100 neutral,1
150 neutral,1
200 cool,1
250 warm peach,1
300 neutral,1
350 neutral,1
400 warm,1
450 warm,1
130 warm,1
shaping taupe,1
warm brown,1
plum gorgeous,1
soft auburn,1
intense peridot,1
intense chocolate,1
intense ivy,1
intense charcoal,1
intense midnight,1
intense amethyst,1
intense aubergine,1
intense plum,1
intense peacock,1
intense ebony ,1
intense black,1
intense truffle,1
intense sable,1
intense cobalt,1
true black,1
natural black,1
muted brown,1
mini moss,1
slim sable,1
demi-grape,1
olive-tini,1
thin mint,1
lanky lapis,1
angel hair,1
,1
180 warm,1
230 neutral,1
280 warm peach,1
330 warm,1
defining berries,1
defining roses,1
defining nudes,1
defining sugars,1
defining pinks,1
cupid,1
aglow,1
smoldering plum,1
iced lotus,1
precious posy,1
berry delight,1
spiced wine,1
black honey pop ,1
pink pop,1
rosy pop,1
heather pop,1
fig pop,1
pansy pop,1
ginger pop,1
clinique + jonathan adler: cheek pop in peach pop,1
clinique + jonathan adler: cheek pop in plum pop,1
pink blush,1
new clover,1
chestnut blush,1
mocha pink,1
defining nectars,1
470 neutral,1
420 neutral,1
140 warm,1
380 cool,1
430 neutral,1
480 neutral,1
110 cool,1
160 warm peach,1
210 neutral,1
260 neutral,1
310 warm,1
360 neutral olive,1
410 cool,1
460 cool,1
190 neutral,1
370 warm,1
240 warm,1
290 neutral olive,1
340 cool,1
390 warm,1
440 cool,1
490 cool,1
120 neutral,1
170 cool,1
220 warm peach,1
270 warm,1
320 warm peach,1
a different grape,1
think bronze,1
feisty,1
288 pro navy,1
778 pro mahogany,1
868 pro magenta,1
090 black pump,1
008 smoky design,1
208 navy design,1
308 khaki design,1
508 nude pink design,1
708 amber design,1
718 taupe design,1
347 emerald,1
857 ruby,1
157 magnify,1
277 defy,1
357 electrify,1
537 touch,1
567 adore,1
647 undress,1
657 expose,1
757 dream,1
767 inflame,1
777 exalt,1
797 feel,1
006 infinity,1
522,1
060,1
698 pro brown,1
258 pro blue,1
254 captivating blue,1
168 pro purple,1
009 white khôl,1
529 beige khôl,1
062 pro grege,1
042 pro grey,1
082 pro anthracite,1
092 pro black,1
182 pro purple,1
272 pro blue,1
282 pro navy,1
472 pro khaki,1
582 pro brown,1
772 pro mahogany,1
090 black,1
268 navy,1
698 chestnut,1
090 over black,1
264 over blue,1
694 over brown,1
092 it-black,1
090 new look black,1
264 new look blue,1
694 new look brown,1
099 kohl black,1
088 pro anthracite,1
090 pro black,1
026 techno,1
071 radical,1
081 runway,1
094 gravity,1
981,1
001 petal,1
864 precious rocks,1
001 pink shape,1
002 coral shape,1
003 beige contour,1
004 brown contour,1
556 amber show,1
553 cocktail peach,1
566 brown milly,1
586 orange riviera,1
676 coral cruise,1
746 beige nude,1
756 rose chérie,1
829 miss pink,1
849 mimi bronze,1
861 rose darling,1
876 happy cherry,1
889 new red,1
896 redissimo,1
939 rose libertine,1
001 golden honey,1
002 amber,1
003 cinnamon,1
035 matte cinnamon,1
881 hypnotique,1
771,1
661 météore,1
616 pulse,1
173 evening,1
184 temptation,1
240 air,1
296 show,1
480 nature,1
516 delicate,1
530 gallery,1
554 minimalism,1
564 fire,1
573 mineral,1
583 animal,1
623 feeling,1
381 millenium,1
658 cosmopolite,1
684 reflection,1
756 front row,1
764 fusion,1
794 fever,1
826 backstage,1
848 focus,1
994 power,1
091 nocturne,1
721 songe,1
001 lune,1
099 black khôl,1
094 trinidad black,1
guava stain,1
fuller fig,1
two ton tomato,1
mega melon,1
oversized orange,1
chunky cherry,1
pudgy peony,1
woppin' watermelon,1
bountiful blush,1
curvy candy,1
mighty mimosa,1
voluptuous violet,1
plumped up pink,1
supreme sorbet,1
jumbo jasmine,1
bold pop,1
ruby pop,1
rose pop,1
pow pop,1
graffiti pop,1
clove pop,1
peppermint pop,1
cute pop,1
shock pop,1
coral pop,1
951 pencil,1
icon pop,1
richer raisin,1
whole lotta honey,1
594 intense brown,1
graped-up,1
sweet honey,1
plum brandy,1
surprise,1
angel red,1
raspberry glace,1
ripe raisin,1
spiced apple,1
tenderheart,1
glazed berry,1
bronze leaf,1
lava pop,1
sugar pop,1
sweetie pop,1
peace pop,1
wink pop,1
go-go pop,1
happy pop,1
bubblegum pop,1
sugar plum pop,1
sprinkle pop,1
fireball pop,1
melon drop pop,1
licorice pop,1
super strawberry,1
heaping hazelnut,1
peony pop,1
blushing pop,1
avant garde pop,1
beach pop,1
754 pandore,1
769 front row,1
853 massaï,1
970 nuit 1947,1
999 rouge 999,1
201 mineral,1
001 brown,1
093 black,1
433 ash blonde,1
453 soft brown,1
593 brown,1
653 blonde,1
693 dark brown,1
001 universal brown,1
002 universal dark brown,1
003 auburn,1
021 chestnut,1
004 gold,1
002 dark,1
011 light,1
021 medium,1
095 catwalk black,1
098 black,1
798 brown,1
099 it-black,1
669 fizz pink,1
661 bonheur,1
659 lucky,1
fun pop,1
sweet pop,1
wow pop,1
punch pop,1
passion pop,1
blossom pop,1
dune pop,1
fuchsia pop,1
fiesta pop,1
crimson pop,1
bright pop,1
brown sugar pop,1
108 muguet,1
575 wonderland,1
445 coral crush,1
155 tra-la-la,1
268 ruban,1
785 cosmopolite,1
338 mirage,1
306 trianon,1
403 palais royal,1
413 grège,1
494 junon,1
537 riviera,1
551 aventure,1
intense clove,1
black kohl,1
black coffee,1
03 medium,1
matte bisque,1
matte ivory,1
matte cream,1
matte neutral,1
matte beige,1
matte medium,1
matte honey,1
matte tawny,1
shade 10,1
shade 14,1
shade 18,1
shade 22,1
shade 24,1
shade 28,1
shade 30,1
shade 31,1
shade 34,1
shade 36,1
shade 37,1
shade 39,1
shade 42,1
shade 45,1
shade 46,1
shade 47,1
shade 48,1
04 deep,1
02 moderately fair,1
shade 09,1
26 ample amber,1
104,1
pr 106,1
pr 114,1
pr 108,1
pr 110,1
pr 102,1
pr 116,1
118,1
pr 120,1
122,1
pr 126,1
pr 130,1
pr 134,1
138,1
144,1
146,1
28 curviest clove,1
02 abundant alabaster,1
06 intense ivory,1
07 capacious chamois,1
08 grandest golden neutral,1
09 ‘normous neutral,1
14 voluptuous vanilla,1
15 bountiful beige,1
24 gargantuan golden,1
shade 49,1
0.25 dune,1
fresh fair,1
fresh alabaster,1
15 golden,1
17 amber,1
18 clove,1
10 warmer,1
12 honeyed beige,1
18 stay cream,1
02 stay neutral,1
01 stay buff,1
17 stay golden,1
03 stay beige ,1
19 stay suede,1
05 stay spice,1
10 stay amber,1
04 stay honey,1
20 stay nutmeg,1
21 stay sienna,1
11 stay brandy,1
01 silk porcelain,1
02 silk shell,1
03 silk bare,1
04 silk bisque,1
05 silk ivory,1
06 silk cream chamois,1
07 silk sahara,1
08 silk canvas,1
14 wheat,1
09 sand,1
07 neutral,1
fresh amber,1
fresh ivory,1
fresh neutral,1
fresh cream chamois,1
fresh porcelain beige,1
fresh cream caramel,1
fresh deep neutral,1
fresh honey,1
fresh vanilla,1
fresh sand,1
fresh ginger,1
fresh golden,1
fresh clove,1
35 honeycomb,1
32 breeze,1
27 alabaster,1
01 petal,1
02 fair,1
33 cream,1
03 ivory,1
28 light,1
04 cream chamois,1
34 nude beige,1
05 vanilla,1
06 linen,1
shade 11,1
shade 07,1
blackened honey,1
ruffle trim,1
satin ribbon,1
delicate lust,1
teddy,1
after hours,1
beauty mark,1
sydney,1
tokyo,1
istanbul,1
antwerp,1
ibiza,1
prague,1
addis ababa,1
moscow,1
vancouver,1
transylvania,1
amsterdam,1
morocco,1
san juan,1
buenos aires,1
cairo,1
athens,1
zurich,1
abu dhabi,1
berlin,1
ma'damn - royal red,1
dusk to dawn,1
cabaret show,1
shade 06,1
exotic,1
lowkey,1
fire dancer,1
beyond basic,1
red queen,1
breezy,1
mauve mist,1
bella,1
new era,1
neat nude,1
buzzkill,1
acme,1
modern maven,1
pure society,1
biker babe,1
ego,1
go rogue,1
cheekies,1
silk indulgent,1
lace detail,1
push-up,1
bedtime flirt,1
embellishment,1
cashmere silk,1
bustier,1
french maid,1
candy venom - electric pink,1
up 2 no good - nude peach,1
freckle fiesta - spiced terracotta,1
pms - moody brown,1
cocoa - cool,1
walnut - neutral,1
almond - cool,1
sand - neutral,1
french vanilla - warm,1
porcelain - cool,1
1 linen,1
2 alabaster,1
4 creamwhip,1
5 fair,1
6 ivory,1
7 cream chamois,1
8 golden neutral,1
9 neutral,1
12 porcelain beige,1
calming vanilla,1
calming neutral,1
calming alabaster,1
calming fair,1
calming honey,1
calming ivory,1
19 sand,1
25 spice,1
shade 1.5,1
shade 05,1
amber - cool contour,1
truffle - neutral,1
linen - cool,1
alien bae - blue-black metallic/smoky navy glitter,1
ya dig?! - periwinkle blue,1
one of the boyz - wild lilac,1
griselda - bold burgundy,1
spanked - dusty rose,1
saw-c - exotic tangerine,1
s1ngle - blushing nude,1
shawty - warm chestnut,1
midnight wasabi - wicked green,1
clapback - true navy,1
"later, crater - nude metallic/nude gold glitter",1
nepturnt - green-black metallic/smoky emerald glitter,1
gal on the moon - holographic pink orchid,1
peach - cool peach,1
spacesuit - glittering peach,1
plutonic relationshp - holographic hot pink,1
astro-naughty - glittering garnet,1
espresso - cool,1
bamboo - neutral,1
honey - warm peach,1
mocha - cool,1
suede - warm,1
latte - warm,1
caramel - cool,1
wheat - warm,1
09 silk bamboo,1
10 silk honeymilk,1
11 silk sunny beige,1
fuller fudge,1
whopping willow,1
mighty moss,1
biggest blossom,1
lavish lilac,1
oversized orchid,1
big blue,1
lots o' latte,1
two ton teal,1
curvaceous coal,1
portly plum,1
massive midnight,1
dive in,1
going steady,1
jenna's essentials,1
morning java,1
on safari,1
smoke and mirrors,1
teddy bear,1
galaxy1,1
galaxy2,1
galaxy3,1
galaxy4,1
dive in 1,1
dive in 2,1
dive in 3,1
ample amber,1
bountiful beige,1
12 silk maple,1
grandest gold,1
canvas,1
vanilla pop,1
surf pop,1
sugar cane,1
angel eyes ,1
daybreak,1
portobello,1
lavender out loud,1
bubble bath,1
at dusk,1
french vanilla,1
lemongrass,1
silver lining,1
pacific coast,1
rock violet,1
purple pumps,1
lagoon,1
deep dive,1
black jade,1
foxier,1
french roast,1
chocolate covered cherry,1
graphite,1
olive in my martini,1
stroke of midnight,1
dive in 4,1
pink chocolate 1,1
pink chocolate 2,1
pink chocolate 3,1
ivory bisque/bronze satin,1
jammin',1
like mink,1
neutral territory,1
sand dunes,1
nightcap,1
seashell pink/fawn satin,1
starlight starbright,1
strawberry fudge,1
uptown downtown,1
wave after wave,1
beach plum,1
egyptian,1
chocolate lustre,1
black diamond,1
true khaki,1
roast coffee,1
smoky brown,1
new black,1
dark chocolate,1
blue grey,1
grape,1
really black,1
blackened black,1
blackened green,1
day into date,1
buttered toast,1
blackberry frost,1
on safari 4,1
pink chocolate 4,1
smoke and mirrors 1,1
smoke and mirrors 2,1
smoke and mirrors 3,1
smoke and mirrors 4,1
morning java 2,1
morning java 3,1
morning java 4,1
on safari 1,1
on safari 2,1
on safari 3,1
going steady 1,1
twilight mauve/brandied plum,1
going steady 2,1
going steady 3,1
going steady 4,1
teddy bear 1,1
teddy bear 2,1
teddy bear 3,1
teddy bear 4,1
jenna's essentials 1,1
jenna's essentials 2,1
jenna's essentials 3,1
jenna's essentials 4,1
buff lighting,1
petal shimmer,1
canvas light,1
wn 30 biscuit,1
17 nutty,1
16 toasted wheat,1
01 light,1
03 light medium,1
07 deep,1
02 neutral fair,1
03 light,1
04 neutral,1
06 deep,1
biy 105,1
biy 110,1
biy 115,1
biy 120,1
biy 125,1
biy 130,1
biy 135,1
biy 140,1
biy 145,1
biy 150,1
biy 155,1
biy 160,1
biy bronze,1
cn 02 breeze,1
wn 04 bone,1
wn 12 meringue,1
10 honey wheat,1
8.25 oat,1
6.75 sesame,1
wn 46 golden neutral,1
13 silk vanilla,1
14 silk suede,1
15 silk nutmeg,1
16 silk almond,1
17 silk cinnamon,1
18 silk sable,1
19 silk brandy,1
20 silk cocoa ,1
cn 08 linen,1
wn 16 buff,1
cn 18 cream whip,1
wn 56 cashew,1
5.5 ecru,1
wn 64 butterscotch,1
cn 78 nutty,1
wn 80 tawnied beige,1
wn 82 latte,1
wn 104 toffee,1
cn 116 spice,1
wn 120 pecan,1
wn 124 sienna,1
6.5 buttermilk ,1
7.5 tea,1
5.75 cork,1
wn 22 ecru,1
wn 38 stone,1
seventh heather,1
wn 44 tea,1
very fair 07,1
very fair 08,1
moderately fair 10,1
moderately fair 12,1
moderately fair 14,1
medium 16,1
medium 18,1
medium 20,1
medium 22,1
medium 15,1
deep 24,1
apricot corrector,1
deep 26,1
deep 28,1
very light,1
nudes,1
pinks,1
greens,1
greys,1
blues,1
very fair,1
bit o'honey,1
cashew later,1
cute-cumber,1
pinkgo biloba,1
very fair 06,1
very fair 05,1
very fair 04,1
new fair cream,1
wn 48 oat,1
wn 54 honey wheat,1
wn 68 brulee,1
wn 76 toasted wheat,1
wn 92 toasted almond,1
wn 124 sienna ,1
light neutral,1
light petal,1
medium petal,1
matte light,1
new illuminator,1
new neutral cream,1
very fair 02,1
new light honey,1
neutral fair,1
new medium deep,1
new medium caramel,1
new golden honey,1
new deep caramel,1
new deeper caramel,1
creamy glow,1
porcelain glow,1
natural honey glow,1
ivory glow,1
black organics (7562c) ,1
