id,name,tag
1048,Lippie Pencil,cruelty free
1048,Lippie Pencil,Vegan
1047,Blotted Lip,cruelty free
1047,Blotted Lip,Vegan
1046,Lippie Stix,cruelty free
1046,Lippie Stix,Vegan
1045,No Filter Foundation,cruelty free
1045,No Filter Foundation,Vegan
1044,Lipstick,Chemical Free
1044,Lipstick,Organic
1043,Serum Foundation,water free
1043,Serum Foundation,cruelty free
1043,Serum Foundation,alcohol free
1043,Serum Foundation,oil free
1043,Serum Foundation,silicone free
1043,Serum Foundation,Vegan
1043,Serum Foundation,Gluten Free
1042,Coverage Foundation,water free
1042,Coverage Foundation,cruelty free
1042,Coverage Foundation,alcohol free
1042,Coverage Foundation,oil free
1042,Coverage Foundation,silicone free
1042,Coverage Foundation,Vegan
1042,Coverage Foundation,Gluten Free
1041,Liquid Liner,purpicks
1041,Liquid Liner,EcoCert
1040,Eyeshadow,purpicks
1040,Eyeshadow,EcoCert
1039, Realist Invisible Setting Powder,purpicks
1039, Realist Invisible Setting Powder,EWG Verified
1039, Realist Invisible Setting Powder,Gluten Free
1038,B Smudged,EWG Verified
1038,B Smudged,purpicks
1037,B Glossy Lip Gloss,EWG Verified
1037,B Glossy Lip Gloss,purpicks
1036,Multi Purpose Powder - Blush & Eye,purpicks
1036,Multi Purpose Powder - Blush & Eye,EWG Verified
1036,Multi Purpose Powder - Blush & Eye,Hypoallergenic
1036,Multi Purpose Powder - Blush & Eye,No Talc
1035,Multi Purpose Powder - Blush & Eye,purpicks
1035,Multi Purpose Powder - Blush & Eye,EWG Verified
1035,Multi Purpose Powder - Blush & Eye,Hypoallergenic
1035,Multi Purpose Powder - Blush & Eye,No Talc
1034,Multi Purpose Powder - Eye Shadow & Face,purpicks
1034,Multi Purpose Powder - Eye Shadow & Face,EWG Verified
1034,Multi Purpose Powder - Eye Shadow & Face,Vegan
1034,Multi Purpose Powder - Eye Shadow & Face,Organic
1033,Pressed Powder Foundation,purpicks
1033,Pressed Powder Foundation,EWG Verified
1033,Pressed Powder Foundation,Hypoallergenic
1033,Pressed Powder Foundation,No Talc
1032,Bronzer - loose,purpicks
1032,Bronzer - loose,EWG Verified
1032,Bronzer - loose,Vegan
1032,Bronzer - loose,Gluten Free
1031,Bronzer - pressed,purpicks
1031,Bronzer - pressed,EWG Verified
1031,Bronzer - pressed,Vegan
1031,Bronzer - pressed,Gluten Free
1030,Lip Gloss,purpicks
1030,Lip Gloss,CertClean
1030,Lip Gloss,Vegan
1030,Lip Gloss,Chemical Free
1030,Lip Gloss,Gluten Free
1029,Amalia,purpicks
1028,Pressed Foundation,purpicks
1028,Pressed Foundation,CertClean
1027,Pressed Eye Shadow,purpicks
1027,Pressed Eye Shadow,CertClean
1026,Mineral Blush,purpicks
1026,Mineral Blush,CertClean
1025,Perfect Lash Mascara,purpicks
1025,Perfect Lash Mascara,CertClean
1024,Loose Mineral Eyeshadow,purpicks
1024,Loose Mineral Eyeshadow,CertClean
1023,Lipstick,purpicks
1023,Lipstick,CertClean
1023,Lipstick,Vegan
1023,Lipstick,Gluten Free
1022,Lip Gloss,purpicks
1022,Lip Gloss,CertClean
1021,Gel Liner,purpicks
1021,Gel Liner,CertClean
1021,Gel Liner,Vegan
1021,Gel Liner,Gluten Free
1020,Eyeliner,purpicks
1020,Eyeliner,CertClean
1019,Mineral Eye Brow Liner Charcoal Brown,EWG Verified
1019,Mineral Eye Brow Liner Charcoal Brown,purpicks
1018,Mascara,purpicks
1018,Mascara,USDA Organic
1018,Mascara,Organic
1017,Creme to Powder Blush,purpicks
1017,Creme to Powder Blush,USDA Organic
1017,Creme to Powder Blush,Organic
1016,Eye Shadow Palette Mesmerize,purpicks
1016,Eye Shadow Palette Mesmerize,USDA Organic
1016,Eye Shadow Palette Mesmerize,Organic
1015,Eye Shadow Palette Deluxe,purpicks
1015,Eye Shadow Palette Deluxe,USDA Organic
1015,Eye Shadow Palette Deluxe,Organic
1014,Eye Shadow Palette Smokey,purpicks
1014,Eye Shadow Palette Smokey,USDA Organic
1014,Eye Shadow Palette Smokey,Organic
1013,Eye Shadow Palette Seduction,purpicks
1013,Eye Shadow Palette Seduction,USDA Organic
1013,Eye Shadow Palette Seduction,Organic
1012,Eye Shadow Palette Cocoa,purpicks
1012,Eye Shadow Palette Cocoa,USDA Organic
1012,Eye Shadow Palette Cocoa,Organic
1011,Volumising Mascara,purpicks
1011,Volumising Mascara,EcoCert
1010,Conch Lipstick,purpicks
1010,Conch Lipstick,EWG Verified
1010,Conch Lipstick,Hypoallergenic
1010,Conch Lipstick,No Talc
1009,Reflect Lip Gloss,purpicks
1009,Reflect Lip Gloss,EWG Verified
1009,Reflect Lip Gloss,Hypoallergenic
1009,Reflect Lip Gloss,No Talc
1008,Muse Mascara,purpicks
1008,Muse Mascara,EWG Verified
1008,Muse Mascara,Hypoallergenic
1008,Muse Mascara,No Talc
1007,Luminary Lip Crayon,purpicks
1007,Luminary Lip Crayon,EWG Verified
1007,Luminary Lip Crayon,Hypoallergenic
1007,Luminary Lip Crayon,No Talc
1006,Fearless Eyeliner,purpicks
1006,Fearless Eyeliner,EWG Verified
1006,Fearless Eyeliner,Hypoallergenic
1006,Fearless Eyeliner,No Talc
1005,Liquid Eye Shadow,purpicks
1005,Liquid Eye Shadow,Vegan
1005,Liquid Eye Shadow,Organic
514,Marcelle Quad Bronzer Sunkissed,Canadian
507,Saint Cosmetics Bronzer,Natural
507,Saint Cosmetics Bronzer,Vegan
507,Saint Cosmetics Bronzer,Gluten Free
507,Saint Cosmetics Bronzer,Canadian
506,Marcelle Monochromatic Bronzer,Canadian
503,Physicians Formula Super BB InstaReady Filter BB Bronzer,Gluten Free
503,Physicians Formula Super BB InstaReady Filter BB Bronzer,Natural
497,Physicians Formula Argan Wear Ultra-Nourishing Argan Oil Bronzer,Gluten Free
490,Earth Lab Loose Mineral Bronzer,Canadian
490,Earth Lab Loose Mineral Bronzer,Natural
487,Physicians Formula Bronze Booster Airbrushing Bronzing Veil ,Gluten Free
485,Milani Baked Bronzer ,Vegan
484,Physicians Formula Organic Wear 100% Natural Origin Bronzer ,Gluten Free
484,Physicians Formula Organic Wear 100% Natural Origin Bronzer ,Natural
483,Dr. Hauschka Translucent Bronzing Tint,Natural
481,Pure Anada Loose Mineral Luminous Bronzer,Canadian
481,Pure Anada Loose Mineral Luminous Bronzer,Natural
479,Physicians Formula Bronze Booster Glow-Boosting BB Cream,Gluten Free
478,e.l.f. Studio Bronzer,Vegan
469,Saint Cosmetics Blush,Natural
469,Saint Cosmetics Blush,Vegan
469,Saint Cosmetics Blush,Gluten Free
469,Saint Cosmetics Blush,Canadian
467,Sante Rouge,Natural
462,Physicians Formula Nude Wear Touch of Glow Palette in Light,Gluten Free
461,Dr. Hauschka Rouge Powder ,Organic
461,Dr. Hauschka Rouge Powder ,Natural
459,Mineral Fusion Blush,Gluten Free
459,Mineral Fusion Blush,Natural
456,Physicians Formula Nude Wear Glowing Nude Blush,Gluten Free
454,e.l.f. Studio Blush Palette Dark,Vegan
451,Physicians Formula Nude Wear Glowing Nude Blush ,Gluten Free
446,Physicians Formula Happy Booster Glow & Mood Boosting Blush,Gluten Free
445,Pure Anada Loose Mineral Luminous Blush,Canadian
445,Pure Anada Loose Mineral Luminous Blush,Natural
444,Physicians Formula Mineral Wear Airbrushing Blush,Gluten Free
442,Physicians Formula Happy Booster Glow & Mood Boosting Powder,Gluten Free
441,e.l.f. Studio Blush Palette Light,Vegan
440,Pure Anada Loose Mineral Velvet Matte Blush ,Canadian
440,Pure Anada Loose Mineral Velvet Matte Blush ,Natural
438,Physicians Formula Organic Wear Bronzer & Blush,Gluten Free
438,Physicians Formula Organic Wear Bronzer & Blush,Natural
437,Pure Anada Pressed Mineral Cheek Colour Pan,Natural
437,Pure Anada Pressed Mineral Cheek Colour Pan,Vegan
437,Pure Anada Pressed Mineral Cheek Colour Pan,Gluten Free
437,Pure Anada Pressed Mineral Cheek Colour Pan,Non-GMO
437,Pure Anada Pressed Mineral Cheek Colour Pan,Canadian
431,e.l.f. Studio Contouring Blush & Bronzing Powder,Vegan
429,Physicians Formula Argan Wear Ultra-Nourishing Argan Oil Blush in Rose,Gluten Free
418,Marcelle Cream Blush,Canadian
416,DaLish Lip Cheek Balm,Canadian
416,DaLish Lip Cheek Balm,Natural
415,Physicians Formula Super BB All-in-1 Beauty Balm Cheek & Lip in Berry Pink,Gluten Free
408,Marcelle Forever Sharp Waterproof Lip Liner,Canadian
405,Marcelle Waterproof Lip Definition Lip Liner,Canadian
405,Marcelle Waterproof Lip Definition Lip Liner,Gluten Free
403,Marcelle 2 in 1 Retractable Plumping Lip Liner ,Canadian
403,Marcelle 2 in 1 Retractable Plumping Lip Liner ,Gluten Free
395,e.l.f. Studio Lip Primer & Plumper,Vegan
392,Sante Lip Duo Contour and Gloss Pencil,Natural
392,Sante Lip Duo Contour and Gloss Pencil,Vegan
392,Sante Lip Duo Contour and Gloss Pencil,Gluten Free
391,Marcelle Flawless Compact Foundation,Canadian
389,Marcelle BB Cream-to-Powder Makeup,Canadian
388,Physicians Formula Super BB All-in-1 Beauty Balm Stick,Gluten Free
387,Physicians Formula Nude Wear Touch of Glow Stick in Nude Glow,Gluten Free
385,Sante Soft Cream Foundation,Natural
378,e.l.f. Studio HD Mattifying Cream Foundation,Vegan
377,Mineral Fusion Sheer Tint Foundation,Natural
377,Mineral Fusion Sheer Tint Foundation,Vegan
377,Mineral Fusion Sheer Tint Foundation,Gluten Free
376,Pure Anada Loose mineral foundation,Canadian
376,Pure Anada Loose mineral foundation,Natural
374,Physicians Formula Mineral Wear Talc-Free All-In-One ABC Cushion Foundation,Gluten Free
374,Physicians Formula Mineral Wear Talc-Free All-In-One ABC Cushion Foundation,Natural
370,Physicians Formula Mineral Wear Flawless Complexion Kit ,Gluten Free
369,Physicians Formula Mineral Wear Correcting Kit ,Gluten Free
368,Physicians Formula Mineral Wear Airbrushing Pressed Powder ,Gluten Free
367,Pure Anada Pressed Sheer Matte Foundation Pan,Canadian
367,Pure Anada Pressed Sheer Matte Foundation Pan,Natural
365,Physicians Formula Mineral Wear Airbrushing Loose Powder ,Gluten Free
364,Pure Anada Loose Mineral Foundation ,Canadian
364,Pure Anada Loose Mineral Foundation ,Natural
356,Mineral Fusion Liquid Foundation,Gluten Free
356,Mineral Fusion Liquid Foundation,Natural
347,DaLish Silk to Matte Foundation,Canadian
347,DaLish Silk to Matte Foundation,Natural
340,Physicians Formula Nude Wear Touch of Glow Foundation,Gluten Free
333,Physicians Formula Youthful Wear Spotless Foundation,Gluten Free
323,Dr. Hauschka Foundation,Vegan
323,Dr. Hauschka Foundation,Natural
322,e.l.f. Studio Flawless Finish Foundation,Vegan
316,Pure Anada Smooth & Conceal Liquid Foundation,Canadian
316,Pure Anada Smooth & Conceal Liquid Foundation,Natural
315,e.l.f. Studio Tinted Moisturizer,Vegan
312,e.l.f. Studio Baked Eyeshadow Trio ,Vegan
310,Dr. Hauschka Eye Shadow ,Natural
308,Sante Eyeshadow Trio,Natural
308,Sante Eyeshadow Trio,Vegan
308,Sante Eyeshadow Trio,Gluten Free
306,Physicians Formula Shimmer Strips Extreme Shimmer Shadow & Liner Palette ,Gluten Free
304,e.l.f. Essential Little Black Beauty Book Eye Edition,Vegan
301,Physicians Formula Shimmer Strips Custom Shadow & Liner ,Gluten Free
296,Physicians Formula Shimmer Strips All-in-1 Custom Nude Palette ,Gluten Free
294,Pacifica Super Powder Supernatural Eye Shadow Trio,Vegan
294,Pacifica Super Powder Supernatural Eye Shadow Trio,Natural
292,e.l.f. Studio Baked Eyeshadow Trio,Vegan
290,Dr. Hauschka Eye Shadow Palette,Natural
288,Pacifica Mystical Supernatural Eye Shadow Palette,Vegan
288,Pacifica Mystical Supernatural Eye Shadow Palette,Natural
287,Mistura 6-in-1 Beauty Solution,Canadian
284,e.l.f. Studio Prism Eyeshadow,Vegan
283,Pacifica Enlighten Eye Brightening Shadow Palette,Natural
283,Pacifica Enlighten Eye Brightening Shadow Palette,Vegan
283,Pacifica Enlighten Eye Brightening Shadow Palette,Gluten Free
281,Pure Anada Loose Luminous Eye Colour ,Canadian
281,Pure Anada Loose Luminous Eye Colour ,Natural
278,Pacifica Radiant Shimmer Highlighting Creams For Eyes Lips Face,Natural
278,Pacifica Radiant Shimmer Highlighting Creams For Eyes Lips Face,Vegan
278,Pacifica Radiant Shimmer Highlighting Creams For Eyes Lips Face,Gluten Free
277,Physicians Formula Matte Collection Quad Eye Shadow,Gluten Free
275,Pure Anada Pressed Mineral Eye Color Pan,Natural
275,Pure Anada Pressed Mineral Eye Color Pan,Vegan
275,Pure Anada Pressed Mineral Eye Color Pan,Gluten Free
275,Pure Anada Pressed Mineral Eye Color Pan,Non-GMO
275,Pure Anada Pressed Mineral Eye Color Pan,Canadian
274,Pacifica Natural Minerals Solar Complete Color Mineral Palette,Vegan
274,Pacifica Natural Minerals Solar Complete Color Mineral Palette,Natural
262,Physicians Formula Shimmer Strips Extreme Shimmer Pencil + Smudger Trio,Gluten Free
262,Physicians Formula Shimmer Strips Extreme Shimmer Pencil + Smudger Trio,Natural
259,Physicians Formula Shimmer Strips Extreme Shimmer Eyeliner Trio in Nude ,Gluten Free
256,Marcelle Lux Cream Eye Shadow + Liner,Canadian
254,Pacifica Magical Multi-Pencil Prime & Line,Natural
252,Mineral Fusion Eye Pencil,Gluten Free
252,Mineral Fusion Eye Pencil,Natural
248,Pacifica Natural Eye Pencil,Natural
248,Pacifica Natural Eye Pencil,Vegan
248,Pacifica Natural Eye Pencil,Gluten Free
244,Marcelle Waterproof Eyeliner,Canadian
243,Physicians Formula Shimmer Strips Eye Enhancing Eyeliner Trio ,Gluten Free
238,Physicians Formula Shimmer Strips Eye Enhancing Eyeliner Trio,Gluten Free
234,Sante Kajal Eyeliner Pencil,Natural
234,Sante Kajal Eyeliner Pencil,Vegan
234,Sante Kajal Eyeliner Pencil,Gluten Free
229,Pure Anada Pureline Pencil Eye Liner,Canadian
229,Pure Anada Pureline Pencil Eye Liner,Natural
227,Earth Lab Vegan Mineral Eye Pencil,Natural
227,Earth Lab Vegan Mineral Eye Pencil,Vegan
227,Earth Lab Vegan Mineral Eye Pencil,Canadian
210,Pysicians Formula Eye Booster Cushion Liquid Liner + Serum Ultra Black,Gluten Free
210,Pysicians Formula Eye Booster Cushion Liquid Liner + Serum Ultra Black,Natural
204,Marcelle Double Precision Liquid Eyeliner Pen,Canadian
204,Marcelle Double Precision Liquid Eyeliner Pen,Gluten Free
201,Marcelle Kajal Kohl Eyeliner Blackest Black,Canadian
201,Marcelle Kajal Kohl Eyeliner Blackest Black,Gluten Free
198,Marcelle Waterproof Liquid DIP-PEN Eyeliner 10H+,Canadian
198,Marcelle Waterproof Liquid DIP-PEN Eyeliner 10H+,Gluten Free
197,Physicians Formula Sexy Booster Cat Eye Collection Liquid Eyeliner ,Gluten Free
196,Physicians Formula Argan Wear Ultra-Nourishing Kohl Kajal Eyeliner,Gluten Free
196,Physicians Formula Argan Wear Ultra-Nourishing Kohl Kajal Eyeliner,Natural
192,Physicians Formula Shimmer Strips Kohl Kajal Eyeliner Trio ,Gluten Free
191,Zorah Liquid Liner,Natural
191,Zorah Liquid Liner,Organic
191,Zorah Liquid Liner,Vegan
191,Zorah Liquid Liner,Gluten Free
191,Zorah Liquid Liner,Canadian
189,Physicians Formula Shimmer Strips Kohl Kajal Eyeliner Trio,Gluten Free
188,Pacifica Natural Minerals Smolder Eye Lining Gel,Vegan
188,Pacifica Natural Minerals Smolder Eye Lining Gel,Natural
187,Suncoat Sugar-based Natural Liquid Eyeliner,Natural
187,Suncoat Sugar-based Natural Liquid Eyeliner,Vegan
187,Suncoat Sugar-based Natural Liquid Eyeliner,Canadian
182,e.l.f. Studio Eyeliner & Shadow Stick ,Vegan
180,e.l.f. Studio Precision Liquid Eyeliner,Vegan
176,e.l.f. Studio Eye Primer & Liner Sealer,Vegan
173,Physicians Formula Eye Booster Lash Boosting Eyeliner + Serum,Gluten Free
171,e.l.f. Studio Cream Eyeliner,Vegan
168,Moov Cosmetics St. Tropez Collection,Natural
168,Moov Cosmetics St. Tropez Collection,Vegan
168,Moov Cosmetics St. Tropez Collection,Gluten Free
168,Moov Cosmetics St. Tropez Collection,Fair Trade
168,Moov Cosmetics St. Tropez Collection,Sugar Free
168,Moov Cosmetics St. Tropez Collection,Non-GMO
168,Moov Cosmetics St. Tropez Collection,Dairy Free
168,Moov Cosmetics St. Tropez Collection,Canadian
165,Moov Cosmetics Caribbean Wedding Collection,Natural
165,Moov Cosmetics Caribbean Wedding Collection,Vegan
165,Moov Cosmetics Caribbean Wedding Collection,Gluten Free
165,Moov Cosmetics Caribbean Wedding Collection,Fair Trade
165,Moov Cosmetics Caribbean Wedding Collection,Sugar Free
165,Moov Cosmetics Caribbean Wedding Collection,Non-GMO
165,Moov Cosmetics Caribbean Wedding Collection,Dairy Free
165,Moov Cosmetics Caribbean Wedding Collection,Canadian
161,Misa Nail Laquer,Vegan
156,Moov Cosmetics Home Grown Canuck Collection,Natural
156,Moov Cosmetics Home Grown Canuck Collection,Vegan
156,Moov Cosmetics Home Grown Canuck Collection,Gluten Free
156,Moov Cosmetics Home Grown Canuck Collection,Fair Trade
156,Moov Cosmetics Home Grown Canuck Collection,Sugar Free
156,Moov Cosmetics Home Grown Canuck Collection,Non-GMO
156,Moov Cosmetics Home Grown Canuck Collection,Dairy Free
156,Moov Cosmetics Home Grown Canuck Collection,Canadian
144,Pacifica 7 Free Nail Polish Set - Blue,Vegan
140,7 Free Nail Polish Set - Red,Vegan
136,Sante Nail Polish,Natural
135,Pure Anada Princess Cosmetics Sugar Plum Kit ,Canadian
135,Pure Anada Princess Cosmetics Sugar Plum Kit ,Natural
132,Pure Anada Princess Cosmetics Be Mine Kit ,Canadian
132,Pure Anada Princess Cosmetics Be Mine Kit ,Natural
129,butter LONDON Patent Shine 10x Nail Laquer,Vegan
129,butter LONDON Patent Shine 10x Nail Laquer,Natural
128,Suncoat Polish & Peel Super Natural Mineral Nail Polish,Canadian
128,Suncoat Polish & Peel Super Natural Mineral Nail Polish,Natural
126,Pure Anada Nail Polish,Natural
126,Pure Anada Nail Polish,Vegan
126,Pure Anada Nail Polish,Gluten Free
126,Pure Anada Nail Polish,Non-GMO
126,Pure Anada Nail Polish,Canadian
124,Mineral Fusion Nail Polish,Gluten Free
124,Mineral Fusion Nail Polish,Natural
120,Suncoat Girl Nail Beauty Kit with Decals Ballerina Beauty,Canadian
120,Suncoat Girl Nail Beauty Kit with Decals Ballerina Beauty,Natural
119,Suncoat Girl Nail Beauty Kit with Decals Mermaid Princess,Canadian
119,Suncoat Girl Nail Beauty Kit with Decals Mermaid Princess,Natural
116,Piggy Paint Nail Polish,Natural
115,Suncoat Girl Water-Based Nail Polish,Canadian
115,Suncoat Girl Water-Based Nail Polish,Natural
101,Mineral Fusion Sheer Moisture Lip Tint,Natural
101,Mineral Fusion Sheer Moisture Lip Tint,Vegan
101,Mineral Fusion Sheer Moisture Lip Tint,Gluten Free
99,Dr. Hauschka Limited Edition Lipstick Novum,Organic
99,Dr. Hauschka Limited Edition Lipstick Novum,Natural
98,Marcelle Rouge Xpression Lipstick,Gluten Free
98,Marcelle Rouge Xpression Lipstick,Canadian
92,Cargo Cosmetics Essential Lip Color,Gluten Free
87,DaLish Lipstick Matte Collection,Canadian
87,DaLish Lipstick Matte Collection,Natural
71,Pacifica Devocean Natural Lipstick Deeply Devoted Creamy Color,Natural
71,Pacifica Devocean Natural Lipstick Deeply Devoted Creamy Color,Vegan
70,Burt's Bees Lipstick ,Natural
62,Burt's Bees Lip Crayon,Natural
61,e.l.f. Studio Matte Lip Color,Vegan
56,e.l.f. Studio Moisturizing Lipstick,Vegan
55,Pure Anada Petal Perfect Lipstick,Natural
55,Pure Anada Petal Perfect Lipstick,Gluten Free
55,Pure Anada Petal Perfect Lipstick,Non-GMO
55,Pure Anada Petal Perfect Lipstick,Peanut Free Product
55,Pure Anada Petal Perfect Lipstick,Canadian
54,Mineral Fusion Lengthening Mascara,Gluten Free
54,Mineral Fusion Lengthening Mascara,Natural
50,Zorah Mascara Lengthing,Natural
50,Zorah Mascara Lengthing,Organic
50,Zorah Mascara Lengthing,Gluten Free
50,Zorah Mascara Lengthing,Canadian
48,Physicians Formula Eye Booster Instant Lash Extension Kit in Ultra Black,Gluten Free
39,Physicians Formula Organic Wear CC Curl + Care Mascara ,Natural
39,Physicians Formula Organic Wear CC Curl + Care Mascara ,Gluten Free
38,Marcelle Ultimate Lash Mascara,Canadian
38,Marcelle Ultimate Lash Mascara,Gluten Free
37,e.l.f. Studio Lengthening & Volumizing Mascara,Vegan
28,Physicians Formula Organic Wear Jumbo Lash Mascara,Natural
28,Physicians Formula Organic Wear Jumbo Lash Mascara,Gluten Free
27,Dr. Hauschka Mascara,Natural
26,e.l.f. Studio Waterproof Lengthening & Volumizing Mascara,Vegan
22,e.l.f. Studio Mineral Infused Mascara,Vegan
21,Earth Lab Raw Mascara,Natural
21,Earth Lab Raw Mascara,Canadian
17,Suncoat Sugar-Based Mascara,Natural
17,Suncoat Sugar-Based Mascara,Vegan
17,Suncoat Sugar-Based Mascara,Canadian
16,Pacifica Aquarian Gaze Water-Resistant Mascara,Natural
16,Pacifica Aquarian Gaze Water-Resistant Mascara,Vegan
15,Physicians Formula Organic Wear 100% Natural Origin Mascara,Natural
15,Physicians Formula Organic Wear 100% Natural Origin Mascara,Gluten Free
5,Pacifica Stellar Gaze Length & Strength Mineral Mascara,Natural
5,Pacifica Stellar Gaze Length & Strength Mineral Mascara,Vegan
4,Physicians Formula Organic Wear FakeOut Mascara,Natural
4,Physicians Formula Organic Wear FakeOut Mascara,Gluten Free
3,Physicians Formula Organic Wear Lash Boosting Mascara,Natural
3,Physicians Formula Organic Wear Lash Boosting Mascara,Gluten Free
1,Pure Anada Natural Mascara,Natural
1,Pure Anada Natural Mascara,Gluten Free
1,Pure Anada Natural Mascara,Canadian
